IndexLibID,SampleID,Ancient,H_support_deam,Deaminated(term3),variable,value,Site,support,sizes,sig,Significance,h_sizes,h_sig,h_Significance,h_support,Fragments,Support,Group
D5210,SP3848,++,20.0% (1 / 5),102,Neanderthal,^^^41.7% (10 / 24),"Chagyrskaya Cave, Russia",41,10,^^^,^^^,1,-,-,20,10,41,Neanderthal
L5606,SP3848,++,0.0% (0 / 2),51,Neanderthal,^^^75.0% (3 / 4),"Chagyrskaya Cave, Russia",75,3,^^^,^^^,0,-,-,0,3,75,Neanderthal
D5234,SP3848,++,0.0% (0 / 3),89,Neanderthal,^^^68.4% (13 / 19),"Chagyrskaya Cave, Russia",68,13,^^^,^^^,0,-,-,0,13,68,Neanderthal
D5233,SP3848,++,0.0% (0 / 33),742,Neanderthal,^^^95.3% (81 / 85),"Chagyrskaya Cave, Russia",95,81,^^^,^^^,0,-,-,0,81,95,Neanderthal
D5211,SP3848,++,0.0% (0 / 2),114,Neanderthal,^^^63.2% (12 / 19),"Chagyrskaya Cave, Russia",63,12,^^^,^^^,0,-,-,0,12,63,Neanderthal
D5212,SP3848,++,0.0% (0 / 5),105,Neanderthal,^^^81.2% (13 / 16),"Chagyrskaya Cave, Russia",81,13,^^^,^^^,0,-,-,0,13,81,Neanderthal
D5213,SP3848,++,0.0% (0 / 4),88,Neanderthal,^^^76.9% (10 / 13),"Chagyrskaya Cave, Russia",76,10,^^^,^^^,0,-,-,0,10,76,Neanderthal
D5233,SP3848,++,0.0% (0 / 33),742,Neanderthal,^^^93.6% (44 / 47),"Chagyrskaya Cave, Russia",93,44,^^^,^^^,0,-,-,0,44,93,Neanderthal
D5208,SP3848,++,0.0% (0 / 3),109,Neanderthal,^^^66.7% (8 / 12),"Chagyrskaya Cave, Russia",66,8,^^^,^^^,0,-,-,0,8,66,Neanderthal
D5208,SP3848,++,0.0% (0 / 3),109,Neanderthal,^^^75.0% (9 / 12),"Chagyrskaya Cave, Russia",75,9,^^^,^^^,0,-,-,0,9,75,Neanderthal
D5210,SP3848,++,20.0% (1 / 5),102,Neanderthal,^^^50.0% (6 / 12),"Chagyrskaya Cave, Russia",50,6,^^^,^^^,1,-,-,20,6,50,Neanderthal
D5212,SP3848,++,0.0% (0 / 5),105,Neanderthal,^^^62.5% (5 / 8),"Chagyrskaya Cave, Russia",62,5,^^^,^^^,0,-,-,0,5,62,Neanderthal
D5236,SP3848,++,NA% (0 / 0),69,Neanderthal,^^^30.4% (7 / 23),"Chagyrskaya Cave, Russia",30,7,^^^,^^^,0,-,-,0,7,30,Neanderthal
D5235,SP3848,++,25.0% (1 / 4),87,Neanderthal,^^^71.4% (5 / 7),"Chagyrskaya Cave, Russia",71,5,^^^,^^^,1,-,-,25,5,71,Neanderthal
D5231,SP3848,++,0.0% (0 / 4),72,Neanderthal,^^^62.5% (5 / 8),"Chagyrskaya Cave, Russia",62,5,^^^,^^^,0,-,-,0,5,62,Neanderthal
D5232,SP3848,++,0.0% (0 / 5),84,Neanderthal,^^^53.8% (7 / 13),"Chagyrskaya Cave, Russia",53,7,^^^,^^^,0,-,-,0,7,53,Neanderthal
D5232,SP3848,++,0.0% (0 / 5),84,Neanderthal,^^^70.0% (7 / 10),"Chagyrskaya Cave, Russia",70,7,^^^,^^^,0,-,-,0,7,70,Neanderthal
R8506,SP3828,++,NA% (0 / 0),44,Neanderthal,^^^83.3% (10 / 12),"Denisova Cave, Russia",83,10,^^^,^^^,0,-,-,0,10,83,Neanderthal
D5281,SP3854,++,0.0% (0 / 6),59,Denisova,^^^39.3% (11 / 28),"Denisova Cave, Russia",39,11,^^^,^^^,0,-,-,0,11,39,Denisova
R5603,SP3876,++,0.0% (0 / 4),52,Neanderthal,^^^57.1% (12 / 21),"Denisova Cave, Russia",57,12,^^^,^^^,0,-,-,0,12,57,Neanderthal
R5601,SP3874,++,0.0% (0 / 1),80,Neanderthal,^^^81.2% (13 / 16),"Denisova Cave, Russia",81,13,^^^,^^^,0,-,-,0,13,81,Neanderthal
A2424,SP2921,++,0.0% (0 / 1),22,Neanderthal,^^^71.4% (5 / 7),"Denisova Cave, Russia",71,5,^^^,^^^,0,-,-,0,5,71,Neanderthal
D5282,SP3854,++,0.0% (0 / 1),21,Denisova,^^^30.4% (7 / 23),"Denisova Cave, Russia",30,7,^^^,^^^,0,-,-,0,7,30,Denisova
A2424,SP2921,++,0.0% (0 / 3),39,Neanderthal,^^^69.2% (9 / 13),"Denisova Cave, Russia",69,9,^^^,^^^,0,-,-,0,9,69,Neanderthal
A2423,SP2920,++,0.0% (0 / 8),150,Neanderthal,^^^80.0% (24 / 30),"Denisova Cave, Russia",80,24,^^^,^^^,0,-,-,0,24,80,Neanderthal
D5203,SP3876,++,0.0% (0 / 16),240,Neanderthal,^^^58.8% (47 / 80),"Denisova Cave, Russia",58,47,^^^,^^^,0,-,-,0,47,58,Neanderthal
L5762,SP3833,++,20.0% (2 / 10),99,Neanderthal,^^^82.8% (24 / 29),"Denisova Cave, Russia",82,24,^^^,^^^,2,-,-,20,24,82,Neanderthal
R9946,SP3833,++,5.0% (1 / 20),263,Neanderthal,^^^88.0% (44 / 50),"Denisova Cave, Russia",88,44,^^^,^^^,1,-,-,5,44,88,Neanderthal
A2423,SP2920,++,0.0% (0 / 2),49,Neanderthal,^^^71.4% (5 / 7),"Denisova Cave, Russia",71,5,^^^,^^^,0,-,-,0,5,71,Neanderthal
R9947,SP3834,++,0.0% (0 / 14),310,Neanderthal,^^^67.0% (73 / 109),"Denisova Cave, Russia",67,73,^^^,^^^,0,-,-,0,73,67,Neanderthal
D5215,SP3833,++,7.1% (1 / 14),217,Neanderthal,^^^83.9% (26 / 31),"Denisova Cave, Russia",83,26,^^^,^^^,1,-,-,7,26,83,Neanderthal
D5202,SP3876,++,0.0% (0 / 24),269,Neanderthal,^^^60.5% (46 / 76),"Denisova Cave, Russia",60,46,^^^,^^^,0,-,-,0,46,60,Neanderthal
D5204,SP3876,++,20.0% (2 / 10),120,Neanderthal,^^^55.4% (31 / 56),"Denisova Cave, Russia",55,31,^^^,^^^,2,-,-,20,31,55,Neanderthal
D5228,SP3834,++,4.3% (1 / 23),377,Neanderthal,^^^96.2% (76 / 79),"Denisova Cave, Russia",96,76,^^^,^^^,1,-,-,4,76,96,Neanderthal
D5205,SP3876,++,0.0% (0 / 8),135,Neanderthal,^^^55.8% (24 / 43),"Denisova Cave, Russia",55,24,^^^,^^^,0,-,-,0,24,55,Neanderthal
D5206,SP3876,++,0.0% (0 / 10),244,Neanderthal,^^^55.1% (49 / 89),"Denisova Cave, Russia",55,49,^^^,^^^,0,-,-,0,49,55,Neanderthal
D5207,SP3876,++,0.0% (0 / 13),147,Neanderthal,^^^52.4% (33 / 63),"Denisova Cave, Russia",52,33,^^^,^^^,0,-,-,0,33,52,Neanderthal
D5229,SP3834,++,3.8% (1 / 26),465,Neanderthal,^^^97.9% (93 / 95),"Denisova Cave, Russia",97,93,^^^,^^^,1,-,-,3,93,97,Neanderthal
D5216,SP3833,++,0.0% (0 / 12),165,Neanderthal,^^^88.2% (30 / 34),"Denisova Cave, Russia",88,30,^^^,^^^,0,-,-,0,30,88,Neanderthal
D5217,SP3833,++,0.0% (0 / 14),217,Neanderthal,^^^90.2% (37 / 41),"Denisova Cave, Russia",90,37,^^^,^^^,0,-,-,0,37,90,Neanderthal
D5218,SP3833,++,0.0% (0 / 11),201,Neanderthal,^^^93.9% (31 / 33),"Denisova Cave, Russia",93,31,^^^,^^^,0,-,-,0,31,93,Neanderthal
D5219,SP3833,++,0.0% (0 / 13),219,Neanderthal,^^^88.6% (39 / 44),"Denisova Cave, Russia",88,39,^^^,^^^,0,-,-,0,39,88,Neanderthal
D5222,SP3834,++,^25.0% (6 / 24),412,Neanderthal,^^^94.0% (78 / 83),"Denisova Cave, Russia",94,78,^^^,^^^,6,^,^,25,78,94,Neanderthal
D5201,SP3876,++,0.0% (0 / 18),234,Neanderthal,^^^55.3% (57 / 103),"Denisova Cave, Russia",55,57,^^^,^^^,0,-,-,0,57,55,Neanderthal
D5237,SP3834,++,0.0% (0 / 38),651,Neanderthal,^^^94.7% (143 / 151),"Denisova Cave, Russia",94,143,^^^,^^^,0,-,-,0,143,94,Neanderthal
D5279,SP3854,++,0.0% (0 / 2),51,Denisova,^^^43.5% (10 / 23),"Denisova Cave, Russia",43,10,^^^,^^^,0,-,-,0,10,43,Denisova
R5723,SP3854,++,NA% (0 / 0),22,Denisova-Sima,^^^20.0% (11 / 55),"Denisova Cave, Russia",20,11,^^^,^^^,0,-,-,0,11,20,Denisova-Sima
L5762,SP3833,++,20.0% (2 / 10),99,Neanderthal,^^^56.2% (9 / 16),"Denisova Cave, Russia",56,9,^^^,^^^,2,-,-,20,9,56,Neanderthal
D5243,SP3876,++,0.0% (0 / 11),218,Neanderthal,^^^61.3% (38 / 62),"Denisova Cave, Russia",61,38,^^^,^^^,0,-,-,0,38,61,Neanderthal
D5264,SP3860,++,6.1% (2 / 33),417,Neanderthal,^^^86.2% (75 / 87),"Denisova Cave, Russia",86,75,^^^,^^^,2,-,-,6,75,86,Neanderthal
D5263,SP3860,++,9.1% (1 / 11),81,Neanderthal,^^^90.0% (18 / 20),"Denisova Cave, Russia",90,18,^^^,^^^,1,-,-,9,18,90,Neanderthal
D5262,SP3860,++,0.0% (0 / 8),143,Neanderthal,^^^94.4% (17 / 18),"Denisova Cave, Russia",94,17,^^^,^^^,0,-,-,0,17,94,Neanderthal
D5261,SP3860,++,0.0% (0 / 25),336,Neanderthal,^^^85.5% (65 / 76),"Denisova Cave, Russia",85,65,^^^,^^^,0,-,-,0,65,85,Neanderthal
D5245,SP3876,++,0.0% (0 / 12),138,Neanderthal,^^^60.9% (28 / 46),"Denisova Cave, Russia",60,28,^^^,^^^,0,-,-,0,28,60,Neanderthal
D5240,SP3834,++,0.0% (0 / 10),176,Neanderthal,^^^79.0% (49 / 62),"Denisova Cave, Russia",79,49,^^^,^^^,0,-,-,0,49,79,Neanderthal
D5242,SP3834,++,6.7% (1 / 15),226,Neanderthal,^^^96.3% (52 / 54),"Denisova Cave, Russia",96,52,^^^,^^^,1,-,-,6,52,96,Neanderthal
D5241,SP3834,++,5.0% (1 / 20),211,Neanderthal,^^^96.7% (58 / 60),"Denisova Cave, Russia",96,58,^^^,^^^,1,-,-,5,58,96,Neanderthal
D5266,SP3860,++,3.1% (4 / 128),1749,Neanderthal,^^^85.3% (389 / 456),"Denisova Cave, Russia",85,389,^^^,^^^,4,-,-,3,389,85,Neanderthal
D5239,SP3834,++,5.0% (1 / 20),299,Neanderthal,^^^92.6% (75 / 81),"Denisova Cave, Russia",92,75,^^^,^^^,1,-,-,5,75,92,Neanderthal
L5760,SP3833,++,0.0% (0 / 9),108,Neanderthal,^^^34.9% (15 / 43),"Denisova Cave, Russia",34,15,^^^,^^^,0,-,-,0,15,34,Neanderthal
D5238,SP3834,++,0.0% (0 / 18),208,Neanderthal,^^^90.0% (45 / 50),"Denisova Cave, Russia",90,45,^^^,^^^,0,-,-,0,45,90,Neanderthal
D5275,SP3832,++,NA% (0 / 0),35,Neanderthal,^^^83.3% (5 / 6),"Denisova Cave, Russia",83,5,^^^,^^^,0,-,-,0,5,83,Neanderthal
D5268,SP3876,++,0.0% (0 / 10),169,Neanderthal,^^^73.3% (33 / 45),"Denisova Cave, Russia",73,33,^^^,^^^,0,-,-,0,33,73,Neanderthal
D5269,SP3876,++,0.0% (0 / 5),173,Neanderthal,^^^82.6% (38 / 46),"Denisova Cave, Russia",82,38,^^^,^^^,0,-,-,0,38,82,Neanderthal
D5230,SP3834,++,0.0% (0 / 28),460,Neanderthal,^^^95.8% (91 / 95),"Denisova Cave, Russia",95,91,^^^,^^^,0,-,-,0,91,95,Neanderthal
D5276,SP3832,++,4.1% (66 / 1591),20278,Neanderthal,^^^98.7% (5799 / 5878),"Denisova Cave, Russia",98,5799,^^^,^^^,66,-,-,4,5799,98,Neanderthal
D5277,SP3832,++,0.0% (0 / 3),44,Neanderthal,^^^92.3% (12 / 13),"Denisova Cave, Russia",92,12,^^^,^^^,0,-,-,0,12,92,Neanderthal
D5225,SP3834,++,2.6% (1 / 38),492,Neanderthal,^^^98.3% (117 / 119),"Denisova Cave, Russia",98,117,^^^,^^^,1,-,-,2,117,98,Neanderthal
D5284,SP3854,++,0.0% (0 / 1),48,Denisova-Sima,^^^37.0% (17 / 46),"Denisova Cave, Russia",37,17,^^^,^^^,0,-,-,0,17,37,Denisova-Sima
D5283,SP3854,++,0.0% (0 / 5),74,Denisova-Sima,^^^62.5% (25 / 40),"Denisova Cave, Russia",62,25,^^^,^^^,0,-,-,0,25,62,Denisova-Sima
D5281,SP3854,++,0.0% (0 / 6),59,Denisova-Sima,^^^57.6% (19 / 33),"Denisova Cave, Russia",57,19,^^^,^^^,0,-,-,0,19,57,Denisova-Sima
D5280,SP3854,++,NA% (0 / 0),29,Denisova-Sima,^^^31.0% (9 / 29),"Denisova Cave, Russia",31,9,^^^,^^^,0,-,-,0,9,31,Denisova-Sima
D5279,SP3854,++,0.0% (0 / 2),51,Denisova-Sima,^^^42.5% (17 / 40),"Denisova Cave, Russia",42,17,^^^,^^^,0,-,-,0,17,42,Denisova-Sima
D5265,SP3860,++,0.0% (0 / 9),181,Neanderthal,^^^91.2% (31 / 34),"Denisova Cave, Russia",91,31,^^^,^^^,0,-,-,0,31,91,Neanderthal
D5226,SP3834,++,6.5% (2 / 31),468,Neanderthal,^^^92.5% (98 / 106),"Denisova Cave, Russia",92,98,^^^,^^^,2,-,-,6,98,92,Neanderthal
D5221,SP3833,++,7.7% (1 / 13),224,Neanderthal,^^^81.8% (27 / 33),"Denisova Cave, Russia",81,27,^^^,^^^,1,-,-,7,27,81,Neanderthal
L5761,SP3833,++,0.0% (0 / 5),56,Neanderthal,^^^71.4% (15 / 21),"Denisova Cave, Russia",71,15,^^^,^^^,0,-,-,0,15,71,Neanderthal
L5764,SP3833,++,0.0% (0 / 4),62,Neanderthal,^^^30.3% (10 / 33),"Denisova Cave, Russia",30,10,^^^,^^^,0,-,-,0,10,30,Neanderthal
D5221,SP3833,++,7.7% (1 / 13),224,Neanderthal,^^^92.6% (25 / 27),"Denisova Cave, Russia",92,25,^^^,^^^,1,-,-,7,25,92,Neanderthal
D5284,SP3854,++,0.0% (0 / 1),48,Denisova,^^^36.0% (9 / 25),"Denisova Cave, Russia",36,9,^^^,^^^,0,-,-,0,9,36,Denisova
D5202,SP3876,++,0.0% (0 / 24),269,Neanderthal,^^^56.2% (36 / 64),"Denisova Cave, Russia",56,36,^^^,^^^,0,-,-,0,36,56,Neanderthal
D5204,SP3876,++,20.0% (2 / 10),120,Neanderthal,^^^56.1% (23 / 41),"Denisova Cave, Russia",56,23,^^^,^^^,2,-,-,20,23,56,Neanderthal
D5205,SP3876,++,0.0% (0 / 8),135,Neanderthal,^^^60.5% (23 / 38),"Denisova Cave, Russia",60,23,^^^,^^^,0,-,-,0,23,60,Neanderthal
D5201,SP3876,++,0.0% (0 / 18),234,Neanderthal,^^^57.6% (38 / 66),"Denisova Cave, Russia",57,38,^^^,^^^,0,-,-,0,38,57,Neanderthal
R9947,SP3834,++,0.0% (0 / 14),310,Neanderthal,^^^64.6% (51 / 79),"Denisova Cave, Russia",64,51,^^^,^^^,0,-,-,0,51,64,Neanderthal
D5227,SP3834,++,12.5% (3 / 24),421,Neanderthal,^^^95.5% (85 / 89),"Denisova Cave, Russia",95,85,^^^,^^^,3,-,-,12,85,95,Neanderthal
R8506,SP3828,++,NA% (0 / 0),44,Neanderthal,^^^57.1% (4 / 7),"Denisova Cave, Russia",57,4,^^^,^^^,0,-,-,0,4,57,Neanderthal
D5206,SP3876,++,0.0% (0 / 10),244,Neanderthal,^^^48.2% (40 / 83),"Denisova Cave, Russia",48,40,^^^,^^^,0,-,-,0,40,48,Neanderthal
D5207,SP3876,++,0.0% (0 / 13),147,Neanderthal,^^^63.3% (19 / 30),"Denisova Cave, Russia",63,19,^^^,^^^,0,-,-,0,19,63,Neanderthal
L5763,SP3833,++,20.0% (1 / 5),76,Neanderthal,^^^100.0% (12 / 12),"Denisova Cave, Russia",100,12,^^^,^^^,1,-,-,20,12,100,Neanderthal
R5603,SP3876,++,0.0% (0 / 4),52,Neanderthal,^^^40.0% (6 / 15),"Denisova Cave, Russia",40,6,^^^,^^^,0,-,-,0,6,40,Neanderthal
A2424,SP2921,++,0.0% (0 / 1),22,Neanderthal,^^^80.0% (4 / 5),"Denisova Cave, Russia",80,4,^^^,^^^,0,-,-,0,4,80,Neanderthal
A2423,SP2920,++,0.0% (0 / 2),49,Neanderthal,^^^100.0% (3 / 3),"Denisova Cave, Russia",100,3,^^^,^^^,0,-,-,0,3,100,Neanderthal
A2424,SP2921,++,0.0% (0 / 3),39,Neanderthal,^^^87.5% (7 / 8),"Denisova Cave, Russia",87,7,^^^,^^^,0,-,-,0,7,87,Neanderthal
D5215,SP3833,++,7.1% (1 / 14),217,Neanderthal,^^^91.7% (33 / 36),"Denisova Cave, Russia",91,33,^^^,^^^,1,-,-,7,33,91,Neanderthal
D5216,SP3833,++,0.0% (0 / 12),165,Neanderthal,^^^64.3% (18 / 28),"Denisova Cave, Russia",64,18,^^^,^^^,0,-,-,0,18,64,Neanderthal
D5217,SP3833,++,0.0% (0 / 14),217,Neanderthal,^^^75.0% (15 / 20),"Denisova Cave, Russia",75,15,^^^,^^^,0,-,-,0,15,75,Neanderthal
D5218,SP3833,++,0.0% (0 / 11),201,Neanderthal,^^^80.0% (16 / 20),"Denisova Cave, Russia",80,16,^^^,^^^,0,-,-,0,16,80,Neanderthal
A2423,SP2920,++,0.0% (0 / 8),150,Neanderthal,^^^100.0% (8 / 8),"Denisova Cave, Russia",100,8,^^^,^^^,0,-,-,0,8,100,Neanderthal
D5276,SP3832,++,6.1% (13 / 212),2316,Neanderthal,^^^98.7% (466 / 472),"Denisova Cave, Russia",98,466,^^^,^^^,13,-,-,6,466,98,Neanderthal
D5283,SP3854,++,0.0% (0 / 5),74,Denisova,^^^58.3% (14 / 24),"Denisova Cave, Russia",58,14,^^^,^^^,0,-,-,0,14,58,Denisova
D5276,SP3832,++,6.1% (13 / 212),2316,Neanderthal,^^^99.2% (380 / 383),"Denisova Cave, Russia",99,380,^^^,^^^,13,-,-,6,380,99,Neanderthal
D5203,SP3876,++,0.0% (0 / 16),240,Neanderthal,^^^58.0% (40 / 69),"Denisova Cave, Russia",58,40,^^^,^^^,0,-,-,0,40,58,Neanderthal
R5601,SP3874,++,0.0% (0 / 1),80,Neanderthal,^^^80.0% (4 / 5),"Denisova Cave, Russia",80,4,^^^,^^^,0,-,-,0,4,80,Neanderthal
D5277,SP3832,++,0.0% (0 / 3),44,Neanderthal,^^^80.0% (4 / 5),"Denisova Cave, Russia",80,4,^^^,^^^,0,-,-,0,4,80,Neanderthal
R9946,SP3833,++,5.0% (1 / 20),263,Neanderthal,^^^90.3% (28 / 31),"Denisova Cave, Russia",90,28,^^^,^^^,1,-,-,5,28,90,Neanderthal
D5275,SP3832,++,NA% (0 / 0),35,Neanderthal,^^^50.0% (4 / 8),"Denisova Cave, Russia",50,4,^^^,^^^,0,-,-,0,4,50,Neanderthal
L5760,SP3833,++,0.0% (0 / 9),108,Neanderthal,^^^24.5% (12 / 49),"Denisova Cave, Russia",24,12,^^^,^^^,0,-,-,0,12,24,Neanderthal
D5276,SP3832,++,4.1% (66 / 1591),20278,Neanderthal,^^^98.3% (3868 / 3934),"Denisova Cave, Russia",98,3868,^^^,^^^,66,-,-,4,3868,98,Neanderthal
D5219,SP3833,++,0.0% (0 / 13),219,Neanderthal,^^^89.2% (33 / 37),"Denisova Cave, Russia",89,33,^^^,^^^,0,-,-,0,33,89,Neanderthal
D5222,SP3834,++,^25.0% (6 / 24),412,Neanderthal,^^^92.9% (65 / 70),"Denisova Cave, Russia",92,65,^^^,^^^,6,^,^,25,65,92,Neanderthal
D5225,SP3834,++,2.6% (1 / 38),492,Neanderthal,^^^97.2% (70 / 72),"Denisova Cave, Russia",97,70,^^^,^^^,1,-,-,2,70,97,Neanderthal
D5226,SP3834,++,6.5% (2 / 31),468,Neanderthal,^^^92.3% (60 / 65),"Denisova Cave, Russia",92,60,^^^,^^^,2,-,-,6,60,92,Neanderthal
D5227,SP3834,++,12.5% (3 / 24),421,Neanderthal,^^^93.9% (62 / 66),"Denisova Cave, Russia",93,62,^^^,^^^,3,-,-,12,62,93,Neanderthal
D5228,SP3834,++,4.3% (1 / 23),377,Neanderthal,^^^96.6% (57 / 59),"Denisova Cave, Russia",96,57,^^^,^^^,1,-,-,4,57,96,Neanderthal
D5229,SP3834,++,3.8% (1 / 26),465,Neanderthal,^^^96.7% (58 / 60),"Denisova Cave, Russia",96,58,^^^,^^^,1,-,-,3,58,96,Neanderthal
D5230,SP3834,++,0.0% (0 / 28),460,Neanderthal,^^^96.8% (61 / 63),"Denisova Cave, Russia",96,61,^^^,^^^,0,-,-,0,61,96,Neanderthal
D5237,SP3834,++,0.0% (0 / 38),651,Neanderthal,^^^95.6% (109 / 114),"Denisova Cave, Russia",95,109,^^^,^^^,0,-,-,0,109,95,Neanderthal
D5238,SP3834,++,0.0% (0 / 18),208,Neanderthal,^^^87.1% (27 / 31),"Denisova Cave, Russia",87,27,^^^,^^^,0,-,-,0,27,87,Neanderthal
D5239,SP3834,++,5.0% (1 / 20),299,Neanderthal,^^^86.3% (44 / 51),"Denisova Cave, Russia",86,44,^^^,^^^,1,-,-,5,44,86,Neanderthal
L5763,SP3833,++,20.0% (1 / 5),76,Neanderthal,^^^88.9% (16 / 18),"Denisova Cave, Russia",88,16,^^^,^^^,1,-,-,20,16,88,Neanderthal
D5241,SP3834,++,5.0% (1 / 20),211,Neanderthal,^^^97.0% (32 / 33),"Denisova Cave, Russia",97,32,^^^,^^^,1,-,-,5,32,97,Neanderthal
D5240,SP3834,++,0.0% (0 / 10),176,Neanderthal,^^^62.5% (15 / 24),"Denisova Cave, Russia",62,15,^^^,^^^,0,-,-,0,15,62,Neanderthal
D5269,SP3876,++,0.0% (0 / 5),173,Neanderthal,^^^63.2% (12 / 19),"Denisova Cave, Russia",63,12,^^^,^^^,0,-,-,0,12,63,Neanderthal
D5266,SP3860,++,3.1% (4 / 128),1749,Neanderthal,^^^91.6% (272 / 297),"Denisova Cave, Russia",91,272,^^^,^^^,4,-,-,3,272,91,Neanderthal
D5265,SP3860,++,0.0% (0 / 9),181,Neanderthal,^^^95.0% (19 / 20),"Denisova Cave, Russia",95,19,^^^,^^^,0,-,-,0,19,95,Neanderthal
D5264,SP3860,++,6.1% (2 / 33),417,Neanderthal,^^^87.9% (51 / 58),"Denisova Cave, Russia",87,51,^^^,^^^,2,-,-,6,51,87,Neanderthal
D5268,SP3876,++,0.0% (0 / 10),169,Neanderthal,^^^70.4% (19 / 27),"Denisova Cave, Russia",70,19,^^^,^^^,0,-,-,0,19,70,Neanderthal
D5262,SP3860,++,0.0% (0 / 8),143,Neanderthal,^^^85.7% (18 / 21),"Denisova Cave, Russia",85,18,^^^,^^^,0,-,-,0,18,85,Neanderthal
D5261,SP3860,++,0.0% (0 / 25),336,Neanderthal,^^^93.0% (40 / 43),"Denisova Cave, Russia",93,40,^^^,^^^,0,-,-,0,40,93,Neanderthal
D5245,SP3876,++,0.0% (0 / 12),138,Neanderthal,^^^68.2% (15 / 22),"Denisova Cave, Russia",68,15,^^^,^^^,0,-,-,0,15,68,Neanderthal
D5243,SP3876,++,0.0% (0 / 11),218,Neanderthal,^^^80.0% (28 / 35),"Denisova Cave, Russia",80,28,^^^,^^^,0,-,-,0,28,80,Neanderthal
D5242,SP3834,++,6.7% (1 / 15),226,Neanderthal,^^^84.2% (32 / 38),"Denisova Cave, Russia",84,32,^^^,^^^,1,-,-,6,32,84,Neanderthal
D5263,SP3860,++,9.1% (1 / 11),81,Neanderthal,^^^84.6% (11 / 13),"Denisova Cave, Russia",84,11,^^^,^^^,1,-,-,9,11,84,Neanderthal
D5357,SP3609,++,20.0% (1 / 5),121,Neanderthal,^^^28.0% (33 / 118),"El Sidron, Spain",28,33,^^^,^^^,1,-,-,20,33,28,Neanderthal
L5777,SP3609,++,12.5% (4 / 32),426,Neanderthal,^^^57.7% (41 / 71),"El Sidron, Spain",57,41,^^^,^^^,4,-,-,12,41,57,Neanderthal
L5773,SP3609,++,10.6% (7 / 66),1006,Neanderthal,^^^85.5% (106 / 124),"El Sidron, Spain",85,106,^^^,^^^,7,-,-,10,106,85,Neanderthal
L5776,SP3609,++,^27.3% (3 / 11),193,Neanderthal,^^^28.8% (21 / 73),"El Sidron, Spain",28,21,^^^,^^^,3,^,^,27,21,28,Neanderthal
L5775,SP3609,++,2.7% (2 / 73),1143,Neanderthal,^^^88.8% (119 / 134),"El Sidron, Spain",88,119,^^^,^^^,2,-,-,2,119,88,Neanderthal
L5774,SP3609,++,3.5% (5 / 142),1956,Neanderthal,^^^89.3% (310 / 347),"El Sidron, Spain",89,310,^^^,^^^,5,-,-,3,310,89,Neanderthal
D5354,SP3609,++,14.3% (2 / 14),157,Neanderthal,^^^26.0% (13 / 50),"El Sidron, Spain",26,13,^^^,^^^,2,-,-,14,13,26,Neanderthal
D5359,SP3609,++,^26.3% (5 / 19),190,Neanderthal,^^^16.9% (25 / 148),"El Sidron, Spain",16,25,^^^,^^^,5,^,^,26,25,16,Neanderthal
D5357,SP3609,++,20.0% (1 / 5),121,Neanderthal,^^^28.1% (18 / 64),"El Sidron, Spain",28,18,^^^,^^^,1,-,-,20,18,28,Neanderthal
L5773,SP3609,++,10.6% (7 / 66),1006,Neanderthal,^^^88.5% (85 / 96),"El Sidron, Spain",88,85,^^^,^^^,7,-,-,10,85,88,Neanderthal
D5358,SP3609,++,^^^63.6% (7 / 11),161,Human,^^^84.2% (112 / 133),"El Sidron, Spain",84,112,^^^,^^^,7,^^^,^^^,63,7,63,Human
D5354,SP3609,++,14.3% (2 / 14),157,Neanderthal,^^^21.4% (9 / 42),"El Sidron, Spain",21,9,^^^,^^^,2,-,-,14,9,21,Neanderthal
D5356,SP3609,++,^^^40.0% (6 / 15),165,Human,^^^79.7% (102 / 128),"El Sidron, Spain",79,102,^^^,^^^,6,^^^,^^^,40,6,40,Human
L5774,SP3609,++,3.5% (5 / 142),1956,Neanderthal,^^^87.0% (214 / 246),"El Sidron, Spain",87,214,^^^,^^^,5,-,-,3,214,87,Neanderthal
L5777,SP3609,++,12.5% (4 / 32),426,Neanderthal,^^^73.8% (31 / 42),"El Sidron, Spain",73,31,^^^,^^^,4,-,-,12,31,73,Neanderthal
L5776,SP3609,++,^27.3% (3 / 11),193,Neanderthal,^^^20.3% (12 / 59),"El Sidron, Spain",20,12,^^^,^^^,3,^,^,27,12,20,Neanderthal
L5775,SP3609,++,2.7% (2 / 73),1143,Neanderthal,^^^87.5% (98 / 112),"El Sidron, Spain",87,98,^^^,^^^,2,-,-,2,98,87,Neanderthal
D5353,SP3609,++,14.3% (2 / 14),153,Neanderthal,^^^17.7% (20 / 113),"El Sidron, Spain",17,20,^^^,^^^,2,-,-,14,20,17,Neanderthal
R5731,SP3910,++,0.0% (0 / 2),25,Neanderthal,^^^100.0% (7 / 7),"Trou Al'Wesse, Belgium",100,7,^^^,^^^,0,-,-,0,7,100,Neanderthal
D5352,SP3910,++,0.0% (0 / 1),46,Neanderthal,^^^33.3% (5 / 15),"Trou Al'Wesse, Belgium",33,5,^^^,^^^,0,-,-,0,5,33,Neanderthal
D5351,SP3910,++,^50.0% (2 / 4),45,Neanderthal,^^^55.6% (5 / 9),"Trou Al'Wesse, Belgium",55,5,^^^,^^^,2,^,^,50,5,55,Neanderthal
D5349,SP3910,++,0.0% (0 / 1),58,Neanderthal,^^^100.0% (5 / 5),"Trou Al'Wesse, Belgium",100,5,^^^,^^^,0,-,-,0,5,100,Neanderthal
D5349,SP3910,++,0.0% (0 / 1),58,Neanderthal,^^^100.0% (6 / 6),"Trou Al'Wesse, Belgium",100,6,^^^,^^^,0,-,-,0,6,100,Neanderthal
