RG	ReadsRaw	ReadsFiltered	ReadsLengthfiltered	SpeciesKmers	KmerCoverage	KmerDupRate	ExtractLVL	ReadsExtracted	Order	Family	Species	Reference	ReadsMapped	ProportionMapped	ReadsDeduped	DuplicationRate	CoveredBP	ReadsBedfiltered	PostBedCoveredBP	FamPercentage	Ancientness	ReadsDeam(1term)	ReadsDeam(3term)	Deam5(95ci)	Deam3(95ci)	Deam5Cond(95ci)	Deam3Cond(95ci)	MeanFragmentLength	MeanFragmentLength(3term)	Coverage	Breadth	ExpectedBreadth	ProportionExpectedBreadth
simadna	499908	499908	499908	106	0.05017	1.0	f	48	Primates	Hominidae	Homo_sapiens_neanderthalensis	best	48	1.0000	48	1.0000	2291	46	2176	1.19	-	0	0	0.0 (0.0,23.2)	0.0 (0.0,28.5)	N/A (N/A,N/A)	N/A (N/A,N/A)	52.5	N/A	0.15	0.138	0.126	1.096
simadna	499908	499908	499908	359	0.2617	1.2	f	190	Proboscidea	Elephantidae	Mammuthus_primigenius	best	190	1.0000	190	1.0000	7439	186	7307	4.85	-	0	0	0.0 (0.0,10.3)	0.0 (0.0,10.6)	N/A (N/A,N/A)	N/A (N/A,N/A)	51.1	N/A	0.57	0.443	0.4	1.107
simadna	499908	499908	499908	41	0.1367	4.63	f	1251	Artiodactyla	Bovidae	Bos_taurus	best	1246	0.9960	1223	1.0188	15439	1179	15156	30.74	-	2	3	0.4 (0.0,2.1)	0.4 (0.0,2.2)	N/A (N/A,N/A)	N/A (N/A,N/A)	51.6	63.0	3.87	0.944	0.967	0.976
simadna	499908	499908	499908	7283	0.784	4.18	f	2083	Carnivora	Hyaenidae	Crocuta_crocuta	best	2029	0.9740	1957	1.0367	16321	1837	15670	47.90	-	6	19	0.9 (0.2,2.5)	0.8 (0.2,2.2)	N/A (N/A,N/A)	N/A (N/A,N/A)	51.5	52.3	5.89	0.952	0.994	0.957
simadna	499908	499908	499908	907	0.6299	1.78	f	624	Artiodactyla	Suidae	Sus_scrofa_taivanus	best	623	0.9983	615	1.0130	13843	587	13268	15.30	-	2	6	0.0 (0.0,3.0)	1.9 (0.2,6.5)	N/A (N/A,N/A)	N/A (N/A,N/A)	52.3	55.8	1.95	0.839	0.821	1.022
simadna_01	499903	499903	499903	16	0.05333	1.0	f	127	Artiodactyla	Bovidae	Bos_taurus	best	126	0.9921	125	1.0080	5174	119	4908	30.43	-	0	0	0.0 (0.0,16.8)	0.0 (0.0,11.6)	N/A (N/A,N/A)	N/A (N/A,N/A)	49.8	N/A	0.38	0.316	0.286	1.105
simadna_01	499903	499903	499903	22	0.01603	1.0	f	22	Proboscidea	Elephantidae	Mammuthus_primigenius	best	19	0.8636	19	1.0000	888	19	888	4.85	-	0	0	0.0 (0.0,52.2)	0.0 (0.0,52.2)	N/A (N/A,N/A)	N/A (N/A,N/A)	47.6	N/A	0.05	0.052	0.046	1.139
simadna_01	499903	499903	499903	2345	0.2524	1.25	f	218	Carnivora	Hyaenidae	Crocuta_crocuta	best	209	0.9587	207	1.0096	7641	193	7087	49.36	-	0	1	0.0 (0.0,10.3)	0.0 (0.0,8.4)	N/A (N/A,N/A)	N/A (N/A,N/A)	49.5	58.0	0.6	0.445	0.415	1.072
simadna_01	499903	499903	499903	98	0.06806	1.0	f	64	Artiodactyla	Suidae	Sus_scrofa_taivanus	best	64	1.0000	64	1.0000	2813	60	2634	15.34	-	0	0	0.0 (0.0,26.5)	0.0 (0.0,23.2)	N/A (N/A,N/A)	N/A (N/A,N/A)	50.2	N/A	0.19	0.17	0.157	1.081
simadna_10	499896	499896	499896	1187	0.8243	12.1	f	6402	Artiodactyla	Suidae	Sus_scrofa_taivanus	best	6379	0.9964	5719	1.1154	16292	5426	15910	17.35	-	5	19	0.3 (0.1,0.8)	0.2 (0.0,0.7)	0.0 (0.0,97.5)	N/A (N/A,N/A)	52.1	52.2	18.11	0.988	0.999	0.988
simadna_10	499896	499896	499896	41	0.2181	27.4	f	12717	Artiodactyla	Bovidae	Bos_javanicus	best	12705	0.9990	10341	1.2286	16157	9956	15965	31.85	-	7	18	0.2 (0.0,0.4)	0.2 (0.1,0.5)	N/A (N/A,N/A)	0.0 (0.0,97.5)	52.8	51.9	33.5	0.988	0.999	0.988
simadna_10	499896	499896	499896	7430	0.7998	40.7	f	20792	Carnivora	Hyaenidae	Crocuta_crocuta	best	20085	0.9659	14546	1.3807	16818	13629	16239	43.60	-	57	134	0.9 (0.6,1.3)	1.1 (0.7,1.5)	0.0 (0.0,30.8)	0.0 (0.0,41.0)	53.8	54.5	45.84	0.981	1.0	0.981
simadna_10	499896	499896	499896	801	0.3791	1.37	f	464	Primates	Hominidae	Homo_sapiens_neanderthalensis	best	464	1.0000	461	1.0065	12466	443	11950	1.41	-	0	2	0.0 (0.0,3.4)	0.0 (0.0,3.7)	N/A (N/A,N/A)	N/A (N/A,N/A)	49.9	37.5	1.38	0.752	0.706	1.065
simadna_10	499896	499896	499896	884	0.6443	3.29	f	1918	Proboscidea	Elephantidae	Mammuthus_primigenius	best	1917	0.9994	1848	1.0373	16292	1805	16055	5.77	-	0	2	0.0 (0.0,1.1)	0.0 (0.0,1.0)	N/A (N/A,N/A)	N/A (N/A,N/A)	50.7	43.0	5.58	0.971	0.992	0.978
simadna_100	499924	499924	499924	1169	0.8118	124.0	f	63596	Artiodactyla	Suidae	Sus_scrofa_taivanus	best	63337	0.9959	26143	2.4227	16448	24727	16086	24.72	-	35	95	0.3 (0.2,0.5)	0.4 (0.2,0.6)	0.0 (0.0,84.2)	0.0 (0.0,70.8)	58.2	62.0	92.52	0.998	1.0	0.998
simadna_100	499924	499924	499924	1523	0.7208	7.75	f	4599	Primates	Hominidae	Homo_sapiens_neanderthalensis	best	4593	0.9986	4284	1.0721	16482	4085	16300	4.08	-	6	23	0.4 (0.1,1.1)	0.2 (0.0,0.8)	N/A (N/A,N/A)	0.0 (0.0,97.5)	51.3	52.5	13.28	0.994	0.999	0.994
simadna_100	499924	499924	499924	41	0.2181	256.0	f	126033	Artiodactyla	Bovidae	Bos_javanicus	best	125931	0.9991	29361	4.2890	16276	28098	16076	28.10	-	20	54	0.1 (0.1,0.3)	0.2 (0.1,0.4)	0.0 (0.0,84.2)	0.0 (0.0,84.2)	61.3	66.0	110.44	0.996	1.0	0.996
simadna_100	499924	499924	499924	7439	0.8008	400.0	f	206873	Carnivora	Hyaenidae	Crocuta_crocuta	best	200311	0.9682	31002	6.4612	16944	28921	16398	28.92	-	108	306	0.9 (0.7,1.1)	0.9 (0.7,1.2)	0.0 (0.0,36.9)	0.0 (0.0,26.5)	60.3	59.4	109.66	0.988	1.0	0.988
simadna_100	499924	499924	499924	906	0.6603	33.8	f	19294	Proboscidea	Elephantidae	Mammuthus_primigenius	best	19289	0.9997	14420	1.3376	16432	14161	16248	14.16	-	14	49	0.2 (0.1,0.5)	0.3 (0.1,0.6)	0.0 (0.0,70.8)	0.0 (0.0,84.2)	53.0	53.0	45.52	0.979	1.0	0.979
simadna_1000	4999210	4999210	4999210	11	0.006407	1.0	f	1692	Carnivora	Ursidae	Ursus_thibetanus_formosanus	best	107	0.0632	36	2.9722	1061	33	943	0.02	-	0	0	0.0 (0.0,84.2)	0.0 (0.0,45.9)	N/A (N/A,N/A)	N/A (N/A,N/A)	45.7	N/A	0.09	0.062	0.082	0.751
simadna_1000	4999210	4999210	4999210	1190	0.8264	1210.0	f	636590	Artiodactyla	Suidae	Sus_scrofa_taivanus	best	634594	0.9968	31428	20.1919	16449	29781	16070	20.33	-	34	98	0.3 (0.2,0.5)	0.3 (0.1,0.4)	0.0 (0.0,60.2)	0.0 (0.0,60.2)	51.0	53.3	97.8	0.998	1.0	0.998
simadna_1000	4999210	4999210	4999210	12	0.003148	1.25	f	90	Primates	Cercopithecidae	Macaca_nigra	best	13	0.1444	7	1.8571	288	7	288	0.00	-	0	0	0.0 (0.0,84.2)	0.0 (0.0,60.2)	N/A (N/A,N/A)	N/A (N/A,N/A)	45.0	N/A	0.01	0.017	0.016	1.047
simadna_1000	4999210	4999210	4999210	13	0.002868	1.0	f	29	Rodentia	Echimyidae	Proechimys_cuvieri	best	23	0.7931	7	3.2857	237	7	237	0.00	-	1	1	0.0 (0.0,84.2)	50.0 (1.3,98.7)	N/A (N/A,N/A)	N/A (N/A,N/A)	41.4	42.0	0.01	0.014	0.015	0.932
simadna_1000	4999210	4999210	4999210	130	0.0125	1.04	f	10	Artiodactyla	Tayassuidae	Pecari_tajacu	best	10	1.0000	6	1.6666	287	6	287	0.00	-	0	0	0.0 (0.0,97.5)	0.0 (0.0,97.5)	N/A (N/A,N/A)	N/A (N/A,N/A)	52.8	N/A	0.01	0.017	0.016	1.037
simadna_1000	4999210	4999210	4999210	15	0.002351	1.0	f	196	Carnivora	Phocidae	Phoca_fasciata	best	38	0.1938	14	2.7142	536	14	536	0.00	-	0	2	0.0 (0.0,60.2)	0.0 (0.0,84.2)	N/A (N/A,N/A)	N/A (N/A,N/A)	46.9	77.0	0.03	0.032	0.034	0.942
simadna_1000	4999210	4999210	4999210	15	0.002436	1.0	f	17	Primates	Cheirogaleidae	Microcebus_danfossi	best	15	0.8823	5	3.0000	249	4	196	0.00	-	0	0	0.0 (0.0,70.8)	N/A (N/A,N/A)	N/A (N/A,N/A)	N/A (N/A,N/A)	53.5	N/A	0.01	0.014	0.013	1.063
simadna_1000	4999210	4999210	4999210	1528	0.7231	83.1	f	46051	Primates	Hominidae	Homo_sapiens_neanderthalensis	best	45986	0.9985	24217	1.8989	16506	23050	16380	15.73	-	40	135	0.3 (0.2,0.5)	0.5 (0.3,0.7)	0.0 (0.0,33.6)	0.0 (0.0,84.2)	55.9	56.7	81.98	0.996	1.0	0.996
simadna_1000	4999210	4999210	4999210	17	0.00803	1.0	f	4139	Carnivora	Mustelidae	Mustela_nigripes	best	1385	0.3346	117	11.8376	1304	116	1292	0.07	-	1	2	5.3 (0.1,26.0)	0.0 (0.0,11.6)	N/A (N/A,N/A)	N/A (N/A,N/A)	41.9	39.0	0.29	0.078	0.23	0.341
simadna_1000	4999210	4999210	4999210	17	0.01385	1.18	f	1818	Artiodactyla	Cervidae	Cervus_nippon_hortulorum	best	160	0.0880	66	2.4242	1811	61	1666	0.04	-	2	3	0.0 (0.0,21.8)	13.3 (1.7,40.5)	N/A (N/A,N/A)	N/A (N/A,N/A)	47.1	45.3	0.18	0.11	0.152	0.721
simadna_1000	4999210	4999210	4999210	18	0.002197	1.56	f	3928	Eulipotyphla	Soricidae	Sorex_unguiculatus	best	180	0.0458	56	3.2142	1086	55	1079	0.03	-	1	1	7.1 (0.2,33.9)	0.0 (0.0,26.5)	N/A (N/A,N/A)	N/A (N/A,N/A)	48.3	49.0	0.15	0.063	0.13	0.487
simadna_1000	4999210	4999210	4999210	18	0.004103	1.0	f	12	Primates	Lepilemuridae	Lepilemur_otto	best	9	0.7500	3	3.0000	135	3	135	0.00	-	0	0	0.0 (0.0,97.5)	0.0 (0.0,97.5)	N/A (N/A,N/A)	N/A (N/A,N/A)	45.0	N/A	0.0	0.008	0.007	1.136
simadna_1000	4999210	4999210	4999210	20	0.002004	1.2	f	1113	Pholidota	Manidae	Manis_crassicaudata	best	78	0.0700	24	3.2500	391	24	391	0.01	-	0	0	0.0 (0.0,52.2)	0.0 (0.0,70.8)	N/A (N/A,N/A)	N/A (N/A,N/A)	47.4	N/A	0.06	0.023	0.058	0.401
simadna_1000	4999210	4999210	4999210	21	0.002229	1.0	f	1976	Cingulata	Chlamyphoridae	Cabassous_tatouay	best	765	0.3871	57	13.4210	509	57	509	0.03	-	0	1	0.0 (0.0,33.6)	0.0 (0.0,33.6)	N/A (N/A,N/A)	N/A (N/A,N/A)	41.3	50.0	0.14	0.03	0.117	0.26
simadna_1000	4999210	4999210	4999210	21	0.002407	1.19	f	1841	Carnivora	Canidae	Vulpes_lagopus	best	153	0.0831	38	4.0263	858	38	858	0.02	-	2	3	20.0 (0.5,71.6)	25.0 (0.6,80.6)	N/A (N/A,N/A)	N/A (N/A,N/A)	44.7	57.7	0.1	0.051	0.086	0.598
simadna_1000	4999210	4999210	4999210	21	0.002452	1.0	f	3069	Chiroptera	Rhinolophidae	Rhinolophus_affinis	best	118	0.0384	40	2.9500	622	40	622	0.02	-	0	2	0.0 (0.0,36.9)	0.0 (0.0,26.5)	N/A (N/A,N/A)	N/A (N/A,N/A)	48.6	51.5	0.11	0.036	0.096	0.381
simadna_1000	4999210	4999210	4999210	21	0.003115	1.52	f	13	Artiodactyla	Ziphiidae	Mesoplodon_ginkgodens	best	10	0.7692	4	2.5000	156	4	156	0.00	-	0	1	N/A (N/A,N/A)	N/A (N/A,N/A)	N/A (N/A,N/A)	N/A (N/A,N/A)	39.0	44.0	0.0	0.009	0.008	1.137
simadna_1000	4999210	4999210	4999210	22	0.003612	1.0	f	2200	Carnivora	Otariidae	Arctocephalus_pusillus	best	93	0.0422	28	3.3214	590	28	590	0.01	-	0	0	0.0 (0.0,33.6)	0.0 (0.0,60.2)	N/A (N/A,N/A)	N/A (N/A,N/A)	47.9	N/A	0.08	0.035	0.068	0.515
simadna_1000	4999210	4999210	4999210	23	0.002803	1.26	f	16	Perissodactyla	Rhinocerotidae	Rhinoceros_sondaicus	best	5	0.3125	5	1.0000	206	5	206	0.00	-	0	0	0.0 (0.0,97.5)	N/A (N/A,N/A)	N/A (N/A,N/A)	N/A (N/A,N/A)	57.0	N/A	0.01	0.012	0.015	0.824
simadna_1000	4999210	4999210	4999210	24	0.002462	1.17	f	710	Eulipotyphla	Talpidae	Uropsilus_sp._1_FT-2014	best	45	0.0633	14	3.2142	604	13	561	0.00	-	0	1	0.0 (0.0,52.2)	0.0 (0.0,97.5)	N/A (N/A,N/A)	N/A (N/A,N/A)	50.9	62.0	0.04	0.036	0.036	0.988
simadna_1000	4999210	4999210	4999210	244	0.1346	258.0	f	1264184	Artiodactyla	Bovidae	Bos_indicus	best	1248696	0.9877	31306	39.8867	16320	30118	16127	20.56	-	215	605	1.9 (1.5,2.2)	1.8 (1.5,2.2)	0.0 (0.0,15.4)	0.0 (0.0,16.8)	48.0	47.3	92.21	0.998	1.0	0.998
simadna_1000	4999210	4999210	4999210	25	0.002769	1.56	f	2211	Chiroptera	Vespertilionidae	Myotis_frater	best	64	0.0289	30	2.1333	858	27	745	0.01	-	2	2	0.0 (0.0,33.6)	22.2 (2.8,60.0)	N/A (N/A,N/A)	N/A (N/A,N/A)	52.7	65.0	0.08	0.05	0.076	0.657
simadna_1000	4999210	4999210	4999210	26	0.002695	1.0	f	64	Rodentia	Sciuridae	Sundasciurus_brookei	best	54	0.8437	25	2.1600	877	23	835	0.01	-	0	1	0.0 (0.0,60.2)	0.0 (0.0,84.2)	N/A (N/A,N/A)	N/A (N/A,N/A)	50.0	42.0	0.07	0.053	0.064	0.834
simadna_1000	4999210	4999210	4999210	3	0.001068	1.0	f	58	Rodentia	Cricetidae	Microtus_fortis_calamorum	best	28	0.4827	9	3.1111	365	9	365	0.00	-	0	1	0.0 (0.0,97.5)	0.0 (0.0,70.8)	N/A (N/A,N/A)	N/A (N/A,N/A)	50.8	43.0	0.02	0.022	0.024	0.915
simadna_1000	4999210	4999210	4999210	30	0.003305	1.13	f	2576	Chiroptera	Pteropodidae	Rousettus_amplexicaudatus	best	93	0.0361	32	2.9062	733	31	697	0.02	-	0	2	0.0 (0.0,45.9)	0.0 (0.0,36.9)	N/A (N/A,N/A)	N/A (N/A,N/A)	48.1	60.0	0.09	0.044	0.078	0.565
simadna_1000	4999210	4999210	4999210	30	0.003668	1.2	f	5504	Chiroptera	Phyllostomidae	Artibeus_jamaicensis	best	160	0.0290	51	3.1372	753	51	753	0.03	-	0	2	0.0 (0.0,36.9)	0.0 (0.0,36.9)	N/A (N/A,N/A)	N/A (N/A,N/A)	45.9	52.0	0.14	0.045	0.116	0.387
simadna_1000	4999210	4999210	4999210	31	0.002565	1.13	f	2047	Macroscelidea	Macroscelididae	Elephantulus_intufi	best	58	0.0283	14	4.1428	337	14	337	0.00	-	0	0	0.0 (0.0,45.9)	0.0 (0.0,97.5)	N/A (N/A,N/A)	N/A (N/A,N/A)	41.0	N/A	0.03	0.02	0.03	0.676
simadna_1000	4999210	4999210	4999210	33	0.005842	1.18	f	5070	Rodentia	Muridae	Rattus_korinchi	best	189	0.0372	55	3.4363	885	55	885	0.03	-	0	2	0.0 (0.0,33.6)	0.0 (0.0,28.5)	N/A (N/A,N/A)	N/A (N/A,N/A)	44.2	43.0	0.14	0.054	0.123	0.44
simadna_1000	4999210	4999210	4999210	35	0.02018	673.0	f	9120	Carnivora	Felidae	Panthera_tigris_amoyensis	best	881	0.0966	184	4.7880	1808	181	1766	0.12	-	3	6	2.2 (0.1,11.8)	5.3 (0.6,17.7)	N/A (N/A,N/A)	N/A (N/A,N/A)	44.5	50.2	0.48	0.106	0.349	0.304
simadna_1000	4999210	4999210	4999210	37	0.005304	1.22	f	16	Primates	Cebidae	Leontopithecus_rosalia	best	17	1.0625	5	3.4000	179	5	179	0.00	-	0	1	0.0 (0.0,97.5)	N/A (N/A,N/A)	N/A (N/A,N/A)	N/A (N/A,N/A)	42.8	35.0	0.01	0.01	0.011	0.952
simadna_1000	4999210	4999210	4999210	42	0.005956	283.0	f	4128	Carnivora	Viverridae	Genetta_genetta	best	785	0.1901	118	6.6525	1447	118	1447	0.08	-	2	9	5.3 (0.1,26.0)	3.4 (0.1,17.8)	N/A (N/A,N/A)	N/A (N/A,N/A)	45.4	41.3	0.31	0.085	0.244	0.351
simadna_1000	4999210	4999210	4999210	69	0.00731	1.14	f	3109	Carnivora	Eupleridae	Cryptoprocta_ferox	best	199	0.0640	51	3.9019	949	50	913	0.03	-	2	4	12.5 (0.3,52.7)	7.1 (0.2,33.9)	N/A (N/A,N/A)	N/A (N/A,N/A)	45.9	44.5	0.13	0.056	0.114	0.49
simadna_1000	4999210	4999210	4999210	69	0.009887	1.07	f	12677	Carnivora	Herpestidae	Herpestes_ichneumon	best	6141	0.4844	371	16.5525	1787	368	1758	0.25	-	10	22	2.6 (0.3,9.2)	8.8 (3.9,16.6)	0.0 (0.0,70.8)	0.0 (0.0,97.5)	48.6	48.5	1.07	0.106	0.612	0.173
simadna_1000	4999210	4999210	4999210	7878	0.848	3780.0	f	2072870	Carnivora	Hyaenidae	Crocuta_crocuta	best	2013844	0.9715	32440	62.0790	16955	30531	16385	20.84	-	103	317	0.7 (0.5,1.0)	0.8 (0.6,1.1)	0.0 (0.0,28.5)	0.0 (0.0,41.0)	46.7	46.9	88.87	0.989	1.0	0.989
simadna_1000	4999210	4999210	4999210	8	0.00111	1.0	f	15	Lagomorpha	Leporidae	Lepus_sinensis	best	5	0.3333	3	1.6666	129	3	129	0.00	-	0	0	N/A (N/A,N/A)	0.0 (0.0,84.2)	N/A (N/A,N/A)	N/A (N/A,N/A)	59.7	N/A	0.01	0.007	0.009	0.819
simadna_1000	4999210	4999210	4999210	9	0.001291	1.89	f	205	Perissodactyla	Equidae	Equus_zebra_hartmannae	best	30	0.1463	10	3.0000	426	10	426	0.00	-	1	1	0.0 (0.0,84.2)	100.0 (2.5,100.0)	N/A (N/A,N/A)	N/A (N/A,N/A)	44.4	50.0	0.02	0.025	0.023	1.099
simadna_1000	4999210	4999210	4999210	906	0.6603	332.0	f	192290	Proboscidea	Elephantidae	Mammuthus_primigenius	best	192287	0.9999	32184	5.9746	16450	31544	16304	21.53	-	32	105	0.3 (0.2,0.4)	0.3 (0.2,0.4)	0.0 (0.0,70.8)	N/A (N/A,N/A)	60.1	59.9	115.26	0.98	1.0	0.98
simadna_hd	499886	499886	499886	13	0.001419	1.08	f	32	Carnivora	Felidae	Panthera_tigris	best	6	0.1875	6	1.0000	270	6	270	0.21	-	1	3	50.0 (1.3,98.7)	N/A (N/A,N/A)	N/A (N/A,N/A)	N/A (N/A,N/A)	45.0	38.0	0.01	0.015	0.013	1.14
simadna_hd	499886	499886	499886	22	0.003152	1.0	f	19	Carnivora	Herpestidae	Herpestes_ichneumon	best	1	0.0526	1	1.0000	46	1	46	0.03	-	0	0	N/A (N/A,N/A)	N/A (N/A,N/A)	N/A (N/A,N/A)	N/A (N/A,N/A)	46.0	N/A	0.0	0.002	0.002	1.133
simadna_hd	499886	499886	499886	248	0.1808	1.05	f	157	Proboscidea	Elephantidae	Mammuthus_primigenius	best	154	0.9808	154	1.0000	6295	153	6255	5.43	++	21	44	38.2 (22.2,56.4)	33.3 (17.3,52.8)	50.0 (6.8,93.2)	50.0 (6.8,93.2)	51.3	51.4	0.47	0.375	0.34	1.1
simadna_hd	499886	499886	499886	533	0.3701	1.38	f	500	Artiodactyla	Suidae	Sus_scrofa_taivanus	best	491	0.9820	485	1.0123	12041	455	11335	16.16	++	62	111	35.8 (26.2,46.3)	31.9 (22.5,42.5)	16.7 (0.4,64.1)	14.3 (0.4,57.9)	52.4	51.8	1.54	0.73	0.744	0.981
simadna_hd	499886	499886	499886	58	0.1933	1.26	f	987	Artiodactyla	Bovidae	Bos_taurus	best	950	0.9625	931	1.0204	15029	903	14729	32.08	++	122	216	40.1 (32.8,47.7)	35.0 (27.6,42.9)	33.3 (11.8,61.6)	33.3 (11.8,61.6)	52.0	52.6	2.97	0.919	0.927	0.991
simadna_hd	499886	499886	499886	6255	0.6733	2.32	f	1485	Carnivora	Hyaenidae	Crocuta_crocuta	best	1386	0.9333	1347	1.0289	15865	1266	15087	44.98	++	173	328	38.0 (32.3,44.1)	29.7 (24.2,35.7)	40.0 (19.1,63.9)	34.8 (16.4,57.3)	52.0	51.8	4.1	0.925	0.973	0.951
simadna_hd	499886	499886	499886	78	0.03691	1.0	f	34	Primates	Hominidae	Homo_sapiens_neanderthalensis	best	33	0.9705	33	1.0000	1769	30	1640	1.06	++	7	13	100.0 (29.2,100.0)	62.5 (24.5,91.5)	100.0 (2.5,100.0)	50.0 (1.3,98.7)	54.8	54.2	0.1	0.106	0.091	1.17
simadna_hd_01	499907	499907	499907	11	0.05851	1.0	f	106	Artiodactyla	Bovidae	Bos_javanicus	best	104	0.9811	104	1.0000	4568	102	4498	37.09	++	11	18	46.2 (19.2,74.9)	31.2 (11.0,58.7)	N/A (N/A,N/A)	N/A (N/A,N/A)	52.5	59.6	0.33	0.279	0.255	1.094
simadna_hd_01	499907	499907	499907	1230	0.1324	1.13	f	136	Carnivora	Hyaenidae	Crocuta_crocuta	best	124	0.9117	122	1.0163	5085	117	4903	42.54	++	13	22	28.0 (12.1,49.4)	26.1 (10.2,48.4)	0.0 (0.0,97.5)	0.0 (0.0,70.8)	50.6	53.7	0.36	0.296	0.272	1.087
simadna_hd_01	499907	499907	499907	36	0.02624	1.0	f	15	Proboscidea	Elephantidae	Mammuthus_primigenius	best	15	1.0000	15	1.0000	780	14	731	5.09	-	2	2	0.0 (0.0,84.2)	50.0 (6.8,93.2)	N/A (N/A,N/A)	N/A (N/A,N/A)	52.2	58.0	0.04	0.046	0.04	1.155
simadna_hd_01	499907	499907	499907	51	0.03542	1.0	f	45	Artiodactyla	Suidae	Sus_scrofa_taivanus	best	44	0.9777	43	1.0232	2135	42	2097	15.27	+	6	9	33.3 (7.5,70.1)	40.0 (12.2,73.8)	100.0 (2.5,100.0)	100.0 (2.5,100.0)	53.1	58.4	0.13	0.129	0.114	1.131
simadna_hd_10	499901	499901	499901	11	0.001376	2.55	f	44	Rodentia	Echimyidae	Proechimys_gardneri	best	4	0.0909	4	1.0000	123	4	123	0.01	-	0	0	0.0 (0.0,97.5)	0.0 (0.0,97.5)	N/A (N/A,N/A)	N/A (N/A,N/A)	39.5	N/A	0.0	0.007	0.008	0.885
simadna_hd_10	499901	499901	499901	11	0.001515	1.91	f	39	Primates	Cheirogaleidae	Microcebus_jollyae	best	2	0.0512	2	1.0000	83	2	83	0.00	-	0	0	N/A (N/A,N/A)	0.0 (0.0,97.5)	N/A (N/A,N/A)	N/A (N/A,N/A)	63.5	N/A	0.0	0.004	0.006	0.742
simadna_hd_10	499901	499901	499901	1192	0.8278	6.32	f	4733	Artiodactyla	Suidae	Sus_scrofa_taivanus	best	4633	0.9788	4254	1.0890	16315	4018	15937	17.03	++	472	924	34.2 (30.8,37.7)	31.0 (27.6,34.4)	32.1 (19.9,46.3)	29.3 (18.1,42.7)	52.9	53.5	13.7	0.989	0.999	0.989
simadna_hd_10	499901	499901	499901	14	0.01701	1.0	f	335	Carnivora	Felidae	Panthera_leo_persica	best	60	0.1791	57	1.0526	1377	50	1299	0.21	+	6	14	44.4 (13.7,78.8)	13.3 (1.7,40.5)	N/A (N/A,N/A)	0.0 (0.0,84.2)	48.9	53.7	0.16	0.081	0.134	0.606
simadna_hd_10	499901	499901	499901	15	0.001455	1.8	f	65	Rodentia	Cricetidae	Cricetulus_kamensis	best	9	0.1384	8	1.1250	250	8	250	0.03	-	0	0	N/A (N/A,N/A)	0.0 (0.0,97.5)	N/A (N/A,N/A)	N/A (N/A,N/A)	43.9	N/A	0.02	0.015	0.018	0.816
simadna_hd_10	499901	499901	499901	16	0.001542	1.44	f	103	Rodentia	Sciuridae	Tamias_striatus	best	8	0.0776	8	1.0000	319	7	265	0.02	-	0	2	0.0 (0.0,97.5)	0.0 (0.0,84.2)	N/A (N/A,N/A)	N/A (N/A,N/A)	44.6	44.0	0.02	0.019	0.019	0.996
simadna_hd_10	499901	499901	499901	16	0.001675	1.69	f	38	Macroscelidea	Macroscelididae	Rhynchocyon_stuhlmanni	best	3	0.0789	3	1.0000	83	3	83	0.01	-	1	1	100.0 (2.5,100.0)	100.0 (2.5,100.0)	100.0 (2.5,100.0)	100.0 (2.5,100.0)	39.3	43.0	0.0	0.004	0.006	0.799
simadna_hd_10	499901	499901	499901	16	0.001809	2.31	f	167	Rodentia	Muridae	Rattus_norvegicus	best	18	0.1077	18	1.0000	403	18	403	0.07	-	2	2	20.0 (0.5,71.6)	33.3 (0.8,90.6)	N/A (N/A,N/A)	N/A (N/A,N/A)	44.0	55.0	0.04	0.024	0.041	0.588
simadna_hd_10	499901	499901	499901	16	0.002419	1.56	f	35	Artiodactyla	Ziphiidae	Mesoplodon_bidens	best	2	0.0571	2	1.0000	89	2	89	0.00	-	0	0	N/A (N/A,N/A)	N/A (N/A,N/A)	N/A (N/A,N/A)	N/A (N/A,N/A)	44.5	N/A	0.0	0.005	0.004	1.135
simadna_hd_10	499901	499901	499901	18	0.001821	1.22	f	132	Chiroptera	Phyllostomidae	Artibeus_hartii	best	4	0.0303	4	1.0000	170	4	170	0.01	-	2	3	33.3 (0.8,90.6)	100.0 (2.5,100.0)	0.0 (0.0,97.5)	N/A (N/A,N/A)	42.5	40.7	0.01	0.01	0.009	1.137
simadna_hd_10	499901	499901	499901	20	0.002292	2.8	f	58	Carnivora	Canidae	Vulpes_lagopus	best	4	0.0689	4	1.0000	157	4	157	0.01	-	0	0	N/A (N/A,N/A)	0.0 (0.0,97.5)	N/A (N/A,N/A)	N/A (N/A,N/A)	39.2	N/A	0.0	0.009	0.008	1.137
simadna_hd_10	499901	499901	499901	21	0.003102	1.57	f	87	Chiroptera	Pteropodidae	Pteropus_dasymallus	best	6	0.0689	6	1.0000	181	6	181	0.02	-	0	2	0.0 (0.0,97.5)	N/A (N/A,N/A)	N/A (N/A,N/A)	N/A (N/A,N/A)	43.0	41.5	0.01	0.01	0.013	0.799
simadna_hd_10	499901	499901	499901	23	0.002941	2.04	f	28	Primates	Lemuridae	Eulemur_macaco_macaco	best	6	0.2142	6	1.0000	203	6	203	0.02	-	0	1	0.0 (0.0,84.2)	N/A (N/A,N/A)	N/A (N/A,N/A)	N/A (N/A,N/A)	46.8	36.0	0.01	0.011	0.014	0.824
simadna_hd_10	499901	499901	499901	231	0.1274	2.72	f	9827	Artiodactyla	Bovidae	Bos_indicus	best	8987	0.9145	7623	1.1789	16277	7325	16085	31.06	++	801	1652	29.1 (26.7,31.5)	31.6 (29.1,34.2)	24.7 (15.8,35.5)	26.0 (16.6,37.2)	53.1	53.4	24.84	0.996	0.999	0.996
simadna_hd_10	499901	499901	499901	24	0.002452	1.75	f	85	Eulipotyphla	Soricidae	Crocidura_shantungensis	best	3	0.0352	3	1.0000	127	2	90	0.00	-	0	0	0.0 (0.0,97.5)	N/A (N/A,N/A)	N/A (N/A,N/A)	N/A (N/A,N/A)	45.0	N/A	0.0	0.007	0.006	1.136
simadna_hd_10	499901	499901	499901	24	0.003202	1.21	f	165	Carnivora	Mustelidae	Mustela_kathiah	best	23	0.1393	22	1.0454	591	21	563	0.08	-	1	1	0.0 (0.0,52.2)	14.3 (0.4,57.9)	0.0 (0.0,97.5)	N/A (N/A,N/A)	41.2	46.0	0.05	0.035	0.049	0.727
simadna_hd_10	499901	499901	499901	24	0.004	2.67	f	74	Carnivora	Otariidae	Arctocephalus_townsendi	best	10	0.1351	9	1.1111	269	5	155	0.02	-	0	2	0.0 (0.0,97.5)	0.0 (0.0,97.5)	N/A (N/A,N/A)	N/A (N/A,N/A)	38.0	36.0	0.02	0.016	0.022	0.736
simadna_hd_10	499901	499901	499901	28	0.002872	2.75	f	67	Eulipotyphla	Talpidae	Uropsilus_sp._1_FT-2014	best	14	0.2089	14	1.0000	425	14	425	0.05	-	1	3	50.0 (1.3,98.7)	0.0 (0.0,84.2)	N/A (N/A,N/A)	N/A (N/A,N/A)	50.2	41.7	0.04	0.025	0.036	0.697
simadna_hd_10	499901	499901	499901	28	0.003086	1.0	f	183	Chiroptera	Vespertilionidae	Myotis_bechsteinii	best	16	0.0874	16	1.0000	467	16	467	0.06	-	3	4	40.0 (5.3,85.3)	25.0 (0.6,80.6)	N/A (N/A,N/A)	N/A (N/A,N/A)	41.1	38.0	0.03	0.027	0.033	0.822
simadna_hd_10	499901	499901	499901	29	0.003331	1.45	f	54	Carnivora	Ursidae	Arctodus_simus	best	8	0.1481	8	1.0000	197	8	197	0.03	-	1	3	100.0 (2.5,100.0)	N/A (N/A,N/A)	N/A (N/A,N/A)	N/A (N/A,N/A)	42.6	39.3	0.02	0.011	0.017	0.66
simadna_hd_10	499901	499901	499901	31	0.004396	3.81	f	128	Carnivora	Viverridae	Genetta_genetta	best	14	0.1093	14	1.0000	569	14	569	0.05	-	2	3	0.0 (0.0,70.8)	28.6 (3.7,71.0)	N/A (N/A,N/A)	N/A (N/A,N/A)	46.6	48.7	0.03	0.033	0.033	1.003
simadna_hd_10	499901	499901	499901	38	0.009106	1.32	f	250	Artiodactyla	Cervidae	Mazama_temama	best	35	0.1400	34	1.0294	1178	34	1178	0.14	-	3	6	40.0 (5.3,85.3)	50.0 (1.3,98.7)	0.0 (0.0,97.5)	N/A (N/A,N/A)	49.1	51.0	0.1	0.072	0.086	0.834
simadna_hd_10	499901	499901	499901	397	0.1879	1.18	f	335	Primates	Hominidae	Homo_sapiens_neanderthalensis	best	310	0.9253	309	1.0032	9765	299	9460	1.26	++	33	67	24.2 (14.2,36.7)	34.6 (22.0,49.1)	0.0 (0.0,70.8)	0.0 (0.0,60.2)	51.5	50.7	0.96	0.589	0.573	1.027
simadna_hd_10	499901	499901	499901	40	0.005136	1.93	f	62	Carnivora	Phocidae	Neomonachus_schauinslandi	best	18	0.2903	17	1.0588	415	16	378	0.06	-	1	2	0.0 (0.0,97.5)	25.0 (0.6,80.6)	N/A (N/A,N/A)	N/A (N/A,N/A)	48.6	42.0	0.04	0.024	0.042	0.589
simadna_hd_10	499901	499901	499901	41	0.009944	2.71	f	58	Chiroptera	Rhinolophidae	Rhinolophus_macrotis	best	11	0.1896	11	1.0000	349	11	349	0.04	-	1	3	0.0 (0.0,97.5)	50.0 (1.3,98.7)	N/A (N/A,N/A)	N/A (N/A,N/A)	50.4	65.7	0.03	0.02	0.028	0.723
simadna_hd_10	499901	499901	499901	45	0.009603	1.69	f	30	Artiodactyla	Moschidae	Moschus_moschiferus	best	13	0.4333	13	1.0000	549	13	549	0.05	+	2	4	25.0 (0.6,80.6)	100.0 (15.8,100.0)	50.0 (1.3,98.7)	100.0 (2.5,100.0)	50.9	58.5	0.04	0.033	0.035	0.956
simadna_hd_10	499901	499901	499901	59	0.006251	1.44	f	98	Carnivora	Eupleridae	Cryptoprocta_ferox	best	25	0.2551	24	1.0416	639	24	639	0.10	-	2	3	66.7 (9.4,99.2)	0.0 (0.0,84.2)	N/A (N/A,N/A)	N/A (N/A,N/A)	45.4	47.3	0.06	0.037	0.055	0.685
simadna_hd_10	499901	499901	499901	7	0.001302	2.0	f	105	Primates	Cercopithecidae	Macaca_silenus	best	11	0.1047	10	1.1000	373	9	293	0.03	+	3	3	100.0 (2.5,100.0)	100.0 (15.8,100.0)	N/A (N/A,N/A)	N/A (N/A,N/A)	46.4	46.0	0.03	0.022	0.026	0.861
simadna_hd_10	499901	499901	499901	71	0.009387	1.7	f	162	Carnivora	Herpestidae	Mungos_mungo	best	28	0.1728	27	1.0370	871	25	798	0.10	-	0	1	0.0 (0.0,52.2)	0.0 (0.0,84.2)	N/A (N/A,N/A)	N/A (N/A,N/A)	46.8	48.0	0.07	0.052	0.063	0.82
simadna_hd_10	499901	499901	499901	71	0.01018	2.38	f	82	Primates	Cebidae	Leontopithecus_rosalia	best	12	0.1463	12	1.0000	398	12	398	0.05	-	0	3	0.0 (0.0,97.5)	0.0 (0.0,70.8)	N/A (N/A,N/A)	N/A (N/A,N/A)	46.2	40.0	0.03	0.023	0.028	0.828
simadna_hd_10	499901	499901	499901	7957	0.8565	18.2	f	14616	Carnivora	Hyaenidae	Crocuta_crocuta	best	13824	0.9458	10783	1.2820	16845	10150	16271	43.04	++	1236	2466	31.5 (29.5,33.6)	32.5 (30.4,34.6)	29.2 (21.9,37.3)	31.6 (23.8,40.2)	54.0	54.1	34.11	0.982	0.999	0.982
simadna_hd_10	499901	499901	499901	865	0.6305	2.24	f	1556	Proboscidea	Elephantidae	Mammuthus_primigenius	best	1524	0.9794	1480	1.0297	16167	1450	15968	6.14	++	156	322	34.5 (28.6,40.8)	28.8 (23.4,34.8)	38.5 (13.9,68.4)	31.2 (11.0,58.7)	51.9	51.9	4.58	0.964	0.982	0.981
simadna_hd_100	499905	499905	499905	10	0.003069	1.9	f	235	Rodentia	Spalacidae	Eospalax_fontanierii_cansus	best	9	0.0382	7	1.2857	183	7	183	0.00	-	0	2	0.0 (0.0,97.5)	0.0 (0.0,97.5)	N/A (N/A,N/A)	N/A (N/A,N/A)	41.4	38.5	0.01	0.011	0.015	0.72
simadna_hd_100	499905	499905	499905	1074	0.7828	15.9	f	15326	Proboscidea	Elephantidae	Mammuthus_primigenius	best	15083	0.9841	11902	1.2672	16431	11677	16279	12.37	++	1319	2689	31.8 (29.8,33.8)	31.5 (29.5,33.5)	27.8 (20.6,35.8)	33.1 (24.8,42.2)	53.6	53.5	38.04	0.979	0.999	0.979
simadna_hd_100	499905	499905	499905	111	0.01176	9.44	f	983	Carnivora	Eupleridae	Cryptoprocta_ferox	best	207	0.2105	156	1.3269	2290	155	2249	0.16	++	19	33	40.0 (21.1,61.3)	33.3 (17.3,52.8)	100.0 (2.5,100.0)	100.0 (2.5,100.0)	47.7	45.4	0.43	0.135	0.321	0.422
simadna_hd_100	499905	499905	499905	114	0.01065	9.48	f	317	Carnivora	Mephitidae	Mydaus_javanensis	best	94	0.2965	68	1.3823	638	67	600	0.07	-	4	9	0.0 (0.0,19.5)	25.0 (7.3,52.4)	0.0 (0.0,97.5)	N/A (N/A,N/A)	48.8	45.2	0.2	0.038	0.163	0.238
simadna_hd_100	499905	499905	499905	12	0.005964	4.58	f	177	Perissodactyla	Equidae	Equus_zebra_hartmannae	best	19	0.1073	18	1.0555	522	18	522	0.01	-	3	6	40.0 (5.3,85.3)	16.7 (0.4,64.1)	N/A (N/A,N/A)	N/A (N/A,N/A)	43.9	44.2	0.04	0.031	0.041	0.763
simadna_hd_100	499905	499905	499905	1243	0.8632	61.8	f	48105	Artiodactyla	Suidae	Sus_scrofa_taivanus	best	47467	0.9867	23105	2.0544	16480	21814	16148	23.10	++	2442	4999	30.2 (28.8,31.6)	30.5 (29.1,31.9)	30.8 (25.5,36.6)	31.9 (26.3,37.8)	57.8	58.1	81.35	1.0	1.0	1.0
simadna_hd_100	499905	499905	499905	13	0.007081	1.69	f	647	Carnivora	Ursidae	Ursus_thibetanus_mupinensis	best	88	0.1360	70	1.2571	1401	63	1275	0.06	-	6	12	30.0 (6.7,65.2)	15.0 (3.2,37.9)	N/A (N/A,N/A)	0.0 (0.0,70.8)	43.1	42.6	0.18	0.083	0.148	0.558
simadna_hd_100	499905	499905	499905	14	0.001697	5.57	f	756	Rodentia	Cricetidae	Microtus_kikuchii	best	124	0.1640	86	1.4418	904	84	859	0.08	-	4	12	11.1 (1.4,34.7)	16.7 (2.1,48.4)	N/A (N/A,N/A)	N/A (N/A,N/A)	48.8	52.1	0.25	0.055	0.202	0.273
simadna_hd_100	499905	499905	499905	1509	0.7142	4.31	f	3587	Primates	Hominidae	Homo_sapiens_neanderthalensis	best	3351	0.9342	3170	1.0570	16536	3029	16301	3.20	++	352	777	27.7 (24.1,31.4)	30.8 (27.2,34.6)	18.9 (9.4,32.0)	28.6 (14.6,46.3)	52.0	52.0	9.98	0.998	0.999	0.998
simadna_hd_100	499905	499905	499905	16	0.002943	5.75	f	184	Primates	Atelidae	Alouatta_guariba_clamitans	best	47	0.2554	39	1.2051	491	39	491	0.04	-	4	7	12.5 (0.3,52.7)	30.0 (6.7,65.2)	N/A (N/A,N/A)	N/A (N/A,N/A)	49.9	51.3	0.11	0.029	0.098	0.3
simadna_hd_100	499905	499905	499905	17	0.002823	45.3	f	1701	Rodentia	Muridae	Rattus_andamanensis	best	152	0.0893	116	1.3103	1192	106	1156	0.11	+	10	29	12.5 (1.6,38.3)	33.3 (15.6,55.3)	0.0 (0.0,97.5)	N/A (N/A,N/A)	45.8	45.1	0.32	0.073	0.251	0.29
simadna_hd_100	499905	499905	499905	20	0.004927	1.95	f	201	Primates	Pitheciidae	Pithecia_albicans	best	22	0.1094	18	1.2222	386	18	386	0.01	-	1	3	0.0 (0.0,70.8)	33.3 (0.8,90.6)	N/A (N/A,N/A)	N/A (N/A,N/A)	47.7	47.0	0.05	0.023	0.044	0.52
simadna_hd_100	499905	499905	499905	21	0.002252	1.76	f	79	Cingulata	Dasypodidae	Dasypus_kappleri	best	9	0.1139	8	1.1250	257	8	257	0.00	+	3	3	20.0 (0.5,71.6)	100.0 (29.2,100.0)	50.0 (1.3,98.7)	100.0 (2.5,100.0)	45.1	51.3	0.02	0.015	0.018	0.813
simadna_hd_100	499905	499905	499905	21	0.01211	1.0	f	76	Primates	Hylobatidae	Nomascus_siki	best	10	0.1315	10	1.0000	366	8	314	0.00	-	0	0	0.0 (0.0,97.5)	0.0 (0.0,70.8)	N/A (N/A,N/A)	N/A (N/A,N/A)	43.5	N/A	0.02	0.022	0.023	0.964
simadna_hd_100	499905	499905	499905	23	0.002597	3.13	f	894	Primates	Cercopithecidae	Macaca_sylvanus	best	117	0.1308	93	1.2580	1266	90	1196	0.09	-	4	14	4.2 (0.1,21.1)	15.0 (3.2,37.9)	0.0 (0.0,97.5)	N/A (N/A,N/A)	46.3	44.1	0.25	0.076	0.204	0.373
simadna_hd_100	499905	499905	499905	23	0.003276	2.74	f	159	Lagomorpha	Leporidae	Lepus_oiostolus	best	12	0.0754	11	1.0909	353	11	353	0.01	-	0	2	0.0 (0.0,97.5)	0.0 (0.0,84.2)	N/A (N/A,N/A)	N/A (N/A,N/A)	42.4	38.5	0.02	0.02	0.023	0.871
simadna_hd_100	499905	499905	499905	24	0.00254	2.17	f	191	Lagomorpha	Ochotonidae	Ochotona_erythrotis	best	6	0.0314	6	1.0000	224	6	224	0.00	-	1	2	33.3 (0.8,90.6)	N/A (N/A,N/A)	N/A (N/A,N/A)	N/A (N/A,N/A)	43.7	40.0	0.01	0.013	0.013	0.974
simadna_hd_100	499905	499905	499905	24	0.01384	36.0	f	3165	Carnivora	Felidae	Panthera_tigris_amoyensis	best	506	0.1598	381	1.3280	3709	378	3674	0.40	++	36	76	24.0 (14.9,35.3)	26.5 (16.5,38.6)	0.0 (0.0,84.2)	0.0 (0.0,84.2)	47.5	48.2	1.06	0.218	0.608	0.358
simadna_hd_100	499905	499905	499905	27	0.004162	3.37	f	865	Chiroptera	Pteropodidae	Rousettus_aegyptiacus	best	55	0.0635	48	1.1458	853	32	764	0.03	-	6	10	37.5 (8.5,75.5)	30.0 (6.7,65.2)	N/A (N/A,N/A)	0.0 (0.0,97.5)	45.2	44.9	0.13	0.051	0.108	0.47
simadna_hd_100	499905	499905	499905	28	0.0027	6.21	f	105	Scandentia	Tupaiidae	Tupaia_minor	best	13	0.1238	12	1.0833	304	12	304	0.01	-	1	4	0.0 (0.0,70.8)	33.3 (0.8,90.6)	0.0 (0.0,97.5)	N/A (N/A,N/A)	42.5	40.2	0.03	0.018	0.027	0.684
simadna_hd_100	499905	499905	499905	28	0.005388	3.43	f	284	Artiodactyla	Delphinidae	Lagenorhynchus_acutus	best	49	0.1725	40	1.2250	724	37	679	0.03	-	3	8	28.6 (3.7,71.0)	25.0 (0.6,80.6)	N/A (N/A,N/A)	N/A (N/A,N/A)	44.3	44.5	0.1	0.044	0.09	0.485
simadna_hd_100	499905	499905	499905	29	0.003571	1.86	f	120	Rodentia	Dipodidae	Sicista_betulina	best	12	0.1000	9	1.3333	107	9	107	0.00	-	0	2	0.0 (0.0,70.8)	0.0 (0.0,84.2)	N/A (N/A,N/A)	N/A (N/A,N/A)	38.9	36.5	0.02	0.006	0.018	0.35
simadna_hd_100	499905	499905	499905	30	0.002961	10.3	f	309	Pholidota	Manidae	Manis_pentadactyla_pentadactyla	best	62	0.2006	51	1.2156	671	51	671	0.05	-	1	4	0.0 (0.0,33.6)	11.1 (0.3,48.2)	N/A (N/A,N/A)	N/A (N/A,N/A)	43.2	44.5	0.13	0.04	0.11	0.367
simadna_hd_100	499905	499905	499905	31	0.00613	5.48	f	234	Primates	Lepilemuridae	Lepilemur_hubbardorum	best	50	0.2136	41	1.2195	601	36	588	0.03	-	3	8	25.0 (0.6,80.6)	28.6 (3.7,71.0)	N/A (N/A,N/A)	0.0 (0.0,97.5)	48.1	50.9	0.11	0.035	0.097	0.366
simadna_hd_100	499905	499905	499905	32	0.004092	3.84	f	252	Primates	Lemuridae	Eulemur_macaco_macaco	best	47	0.1865	36	1.3055	499	36	499	0.03	-	0	6	0.0 (0.0,41.0)	0.0 (0.0,84.2)	N/A (N/A,N/A)	N/A (N/A,N/A)	43.7	43.0	0.09	0.029	0.077	0.373
simadna_hd_100	499905	499905	499905	32	0.005254	5.59	f	616	Carnivora	Otariidae	Arctocephalus_pusillus	best	97	0.1574	82	1.1829	1082	72	927	0.07	-	8	16	25.0 (7.3,52.4)	26.7 (7.8,55.1)	0.0 (0.0,97.5)	0.0 (0.0,97.5)	47.4	47.1	0.23	0.064	0.187	0.345
simadna_hd_100	499905	499905	499905	33	0.004731	6.55	f	384	Primates	Cebidae	Leontopithecus_rosalia	best	62	0.1614	51	1.2156	534	49	522	0.05	++	10	14	54.5 (23.4,83.3)	36.4 (10.9,69.2)	N/A (N/A,N/A)	0.0 (0.0,84.2)	48.7	42.9	0.14	0.031	0.12	0.262
simadna_hd_100	499905	499905	499905	33	0.00724	1.3	f	81	Didelphimorphia	Didelphidae	Didelphis_imperfecta	best	11	0.1358	9	1.2222	204	9	204	0.00	-	0	1	0.0 (0.0,97.5)	0.0 (0.0,97.5)	N/A (N/A,N/A)	N/A (N/A,N/A)	53.0	64.0	0.02	0.011	0.024	0.49
simadna_hd_100	499905	499905	499905	38	0.003025	6.53	f	143	Dasyuromorphia	Dasyuridae	Sminthopsis_crassicaudata	best	15	0.1048	12	1.2500	202	12	202	0.01	-	1	1	33.3 (0.8,90.6)	0.0 (0.0,70.8)	N/A (N/A,N/A)	N/A (N/A,N/A)	43.4	45.0	0.02	0.011	0.026	0.446
simadna_hd_100	499905	499905	499905	38	0.00398	4.97	f	62	Diprotodontia	Phalangeridae	Phalanger_orientalis	best	7	0.1129	6	1.1666	181	6	181	0.00	-	1	1	100.0 (2.5,100.0)	0.0 (0.0,97.5)	N/A (N/A,N/A)	0.0 (0.0,97.5)	42.3	46.0	0.01	0.011	0.014	0.812
simadna_hd_100	499905	499905	499905	39	0.004908	3.54	f	446	Rodentia	Echimyidae	Proechimys_pattoni	best	41	0.0919	35	1.1714	879	30	782	0.03	-	1	3	0.0 (0.0,41.0)	12.5 (0.3,52.7)	N/A (N/A,N/A)	N/A (N/A,N/A)	45.4	45.3	0.09	0.052	0.079	0.661
simadna_hd_100	499905	499905	499905	39	0.007131	3.87	f	95	Primates	Tarsiidae	Tarsius_dentatus	best	12	0.1263	12	1.0000	317	12	317	0.01	-	0	4	0.0 (0.0,84.2)	0.0 (0.0,70.8)	N/A (N/A,N/A)	N/A (N/A,N/A)	44.9	40.8	0.03	0.018	0.027	0.676
simadna_hd_100	499905	499905	499905	40	0.006552	3.92	f	172	Artiodactyla	Balaenopteridae	Balaenoptera_omurai	best	50	0.2906	43	1.1627	983	41	962	0.04	+	5	11	27.3 (6.0,61.0)	42.9 (9.9,81.6)	100.0 (2.5,100.0)	100.0 (2.5,100.0)	44.1	45.9	0.11	0.059	0.097	0.614
simadna_hd_100	499905	499905	499905	42	0.007134	4.55	f	763	Carnivora	Canidae	Vulpes_corsac	best	125	0.1638	86	1.4534	1225	86	1225	0.09	-	4	14	14.8 (4.2,33.7)	0.0 (0.0,30.8)	N/A (N/A,N/A)	0.0 (0.0,97.5)	45.7	44.4	0.23	0.073	0.187	0.39
simadna_hd_100	499905	499905	499905	42	0.008662	3.81	f	100	Artiodactyla	Phocoenidae	Phocoena_sinus	best	21	0.2100	21	1.0000	532	21	532	0.02	-	2	3	50.0 (6.8,93.2)	0.0 (0.0,52.2)	N/A (N/A,N/A)	N/A (N/A,N/A)	39.2	35.3	0.05	0.032	0.043	0.749
simadna_hd_100	499905	499905	499905	44	0.004561	5.27	f	1113	Rodentia	Sciuridae	Sundasciurus_brookei	best	158	0.1419	115	1.3739	1498	108	1482	0.11	-	7	15	16.7 (3.6,41.4)	20.0 (5.7,43.7)	N/A (N/A,N/A)	N/A (N/A,N/A)	45.2	44.6	0.32	0.091	0.247	0.368
simadna_hd_100	499905	499905	499905	44	0.00546	5.45	f	1077	Eulipotyphla	Soricidae	Sorex_roboratus	best	90	0.0835	66	1.3636	1363	66	1363	0.06	-	5	17	9.1 (0.2,41.3)	25.0 (7.3,52.4)	N/A (N/A,N/A)	0.0 (0.0,97.5)	46.2	47.5	0.17	0.079	0.145	0.547
simadna_hd_100	499905	499905	499905	442	0.2438	14.6	f	98893	Artiodactyla	Bovidae	Bos_indicus	best	92285	0.9331	27699	3.3317	16327	26456	16205	28.02	++	2734	5686	27.6 (26.4,28.9)	27.7 (26.5,29.0)	21.4 (16.9,26.5)	21.8 (17.2,26.9)	59.8	61.0	101.63	0.999	1.0	0.999
simadna_hd_100	499905	499905	499905	45	0.005136	1.38	f	444	Primates	Cheirogaleidae	Microcebus_griseorufus	best	44	0.0990	35	1.2571	986	33	933	0.03	-	0	5	0.0 (0.0,70.8)	0.0 (0.0,33.6)	N/A (N/A,N/A)	N/A (N/A,N/A)	42.9	39.8	0.09	0.058	0.076	0.767
simadna_hd_100	499905	499905	499905	45	0.006004	5.13	f	1520	Carnivora	Mustelidae	Mustela_kathiah	best	277	0.1822	183	1.5136	1902	182	1881	0.19	++	20	35	24.4 (12.4,40.3)	22.2 (11.2,37.1)	0.0 (0.0,84.2)	0.0 (0.0,60.2)	44.8	41.9	0.49	0.114	0.355	0.323
simadna_hd_100	499905	499905	499905	46	0.003941	4.7	f	215	Rodentia	Anomaluridae	Anomalurus_beecrofti	best	65	0.3023	49	1.3265	564	46	489	0.04	-	5	10	38.5 (13.9,68.4)	0.0 (0.0,45.9)	N/A (N/A,N/A)	N/A (N/A,N/A)	44.2	42.4	0.13	0.033	0.109	0.307
simadna_hd_100	499905	499905	499905	46	0.005018	4.5	f	313	Macroscelidea	Macroscelididae	Rhynchocyon_chrysopygus	best	26	0.0830	22	1.1818	455	22	455	0.02	-	2	7	14.3 (0.4,57.9)	25.0 (0.6,80.6)	N/A (N/A,N/A)	N/A (N/A,N/A)	40.7	41.7	0.05	0.026	0.045	0.588
simadna_hd_100	499905	499905	499905	51	0.007712	3.61	f	355	Artiodactyla	Ziphiidae	Mesoplodon_bidens	best	42	0.1183	39	1.0769	1006	36	937	0.03	-	1	4	0.0 (0.0,36.9)	16.7 (0.4,64.1)	N/A (N/A,N/A)	N/A (N/A,N/A)	44.8	42.5	0.1	0.061	0.091	0.671
simadna_hd_100	499905	499905	499905	54	0.005311	28.2	f	1300	Chiroptera	Phyllostomidae	Anoura_cultrata	best	140	0.1076	118	1.1864	1734	117	1722	0.12	-	5	20	18.2 (5.2,40.3)	3.7 (0.1,19.0)	N/A (N/A,N/A)	0.0 (0.0,84.2)	43.7	42.8	0.31	0.105	0.24	0.436
simadna_hd_100	499905	499905	499905	54	0.005825	3.89	f	187	Artiodactyla	Camelidae	Camelus_dromedarius	best	47	0.2513	33	1.4242	560	33	560	0.03	-	5	11	25.0 (3.2,65.1)	37.5 (8.5,75.5)	0.0 (0.0,97.5)	0.0 (0.0,97.5)	48.2	47.5	0.09	0.033	0.08	0.416
simadna_hd_100	499905	499905	499905	59	0.004798	5.47	f	249	Eulipotyphla	Erinaceidae	Echinosorex_gymnura	best	48	0.1927	35	1.3714	457	35	457	0.03	+	4	7	42.9 (9.9,81.6)	16.7 (0.4,64.1)	N/A (N/A,N/A)	N/A (N/A,N/A)	43.1	43.6	0.08	0.026	0.074	0.358
simadna_hd_100	499905	499905	499905	60	0.005233	6.12	f	304	Cingulata	Chlamyphoridae	Chlamyphorus_truncatus	best	18	0.0592	16	1.1250	381	14	371	0.01	+	4	5	33.3 (0.8,90.6)	60.0 (14.7,94.7)	0.0 (0.0,97.5)	0.0 (0.0,97.5)	42.9	38.8	0.04	0.023	0.037	0.622
simadna_hd_100	499905	499905	499905	61	0.007451	5.08	f	1654	Chiroptera	Vespertilionidae	Myotis_aurascens	best	204	0.1233	152	1.3421	1892	133	1814	0.14	+	10	26	15.4 (4.4,34.9)	28.6 (11.3,52.2)	N/A (N/A,N/A)	N/A (N/A,N/A)	44.0	42.3	0.41	0.112	0.304	0.37
simadna_hd_100	499905	499905	499905	64	0.008099	5.0	f	589	Eulipotyphla	Talpidae	Uropsilus_gracilis	best	66	0.1120	51	1.2941	1034	49	947	0.05	+	7	8	40.0 (12.2,73.8)	25.0 (5.5,57.2)	0.0 (0.0,97.5)	0.0 (0.0,97.5)	43.7	41.4	0.13	0.062	0.111	0.559
simadna_hd_100	499905	499905	499905	65	0.01577	17.1	f	540	Chiroptera	Rhinolophidae	Rhinolophus_macrotis	best	136	0.2518	90	1.5111	891	90	891	0.09	+	9	15	33.3 (9.9,65.1)	22.7 (7.8,45.4)	0.0 (0.0,97.5)	0.0 (0.0,97.5)	47.4	47.3	0.25	0.052	0.199	0.264
simadna_hd_100	499905	499905	499905	69	0.0162	5.36	f	156	Artiodactyla	Giraffidae	Giraffa_camelopardalis	best	48	0.3076	42	1.1428	818	42	818	0.04	+	4	10	42.9 (9.9,81.6)	33.3 (0.8,90.6)	N/A (N/A,N/A)	N/A (N/A,N/A)	49.8	51.4	0.12	0.049	0.106	0.468
simadna_hd_100	499905	499905	499905	70	0.007537	6.53	f	167	Artiodactyla	Tragulidae	Moschiola_indica	best	29	0.1736	23	1.2608	563	20	503	0.02	-	1	4	50.0 (1.3,98.7)	0.0 (0.0,60.2)	N/A (N/A,N/A)	N/A (N/A,N/A)	45.7	55.0	0.06	0.034	0.055	0.615
simadna_hd_100	499905	499905	499905	71	0.008653	8.08	f	335	Perissodactyla	Rhinocerotidae	Rhinoceros_sondaicus	best	95	0.2835	72	1.3194	1052	72	1052	0.07	+	6	12	15.4 (1.9,45.4)	36.4 (10.9,69.2)	0.0 (0.0,97.5)	N/A (N/A,N/A)	46.9	43.2	0.2	0.064	0.165	0.386
simadna_hd_100	499905	499905	499905	8220	0.8848	176.0	f	145501	Carnivora	Hyaenidae	Crocuta_crocuta	best	142837	0.9816	29765	4.7988	17024	27769	16474	29.41	++	2873	5736	25.7 (24.5,26.8)	24.9 (23.8,26.0)	25.2 (20.6,30.2)	24.1 (19.7,29.0)	59.6	62.9	103.91	0.993	1.0	0.993
simadna_hd_100	499905	499905	499905	87	0.007837	4.56	f	97	Hyracoidea	Chrysochloridae	Chrysochloris_asiatica	best	46	0.4742	37	1.2432	545	37	545	0.03	-	3	7	12.5 (0.3,52.7)	22.2 (2.8,60.0)	0.0 (0.0,97.5)	N/A (N/A,N/A)	46.5	43.6	0.1	0.032	0.087	0.375
simadna_hd_100	499905	499905	499905	89	0.01262	11.6	f	1410	Carnivora	Viverridae	Genetta_genetta	best	180	0.1276	139	1.2949	2431	139	2431	0.14	+	13	28	32.0 (14.9,53.5)	16.7 (5.6,34.7)	0.0 (0.0,97.5)	N/A (N/A,N/A)	45.3	45.4	0.37	0.144	0.28	0.513
simadna_hd_100	499905	499905	499905	9	0.00393	5.22	f	118	Primates	Indriidae	Propithecus_coquereli	best	25	0.2118	24	1.0416	482	24	482	0.02	-	1	4	25.0 (0.6,80.6)	0.0 (0.0,41.0)	N/A (N/A,N/A)	0.0 (0.0,97.5)	45.1	45.5	0.06	0.028	0.054	0.518
simadna_hd_100	499905	499905	499905	91	0.01304	8.09	f	1959	Carnivora	Herpestidae	Herpestes_ichneumon	best	353	0.1801	252	1.4007	2556	243	2414	0.25	+	20	40	14.6 (5.6,29.2)	27.5 (15.9,41.7)	0.0 (0.0,97.5)	N/A (N/A,N/A)	47.1	45.8	0.7	0.152	0.465	0.327
simadna_hd_100	499905	499905	499905	98	0.01772	4.51	f	238	Artiodactyla	Moschidae	Moschus_cupreus	best	97	0.4075	83	1.1686	1396	83	1396	0.08	++	11	19	33.3 (11.8,61.6)	31.6 (12.6,56.6)	0.0 (0.0,97.5)	N/A (N/A,N/A)	48.2	47.2	0.24	0.085	0.194	0.439
simadna_hd_100	499905	499905	499905	99	0.00984	5.3	f	134	Carnivora	Procyonidae	Procyon_lotor	best	28	0.2089	28	1.0000	707	25	625	0.02	-	0	1	0.0 (0.0,52.2)	N/A (N/A,N/A)	N/A (N/A,N/A)	N/A (N/A,N/A)	42.7	35.0	0.07	0.042	0.061	0.694
simadna_hd_100	499905	499905	499905	99	0.01272	6.71	f	544	Carnivora	Phocidae	Monachus_monachus	best	137	0.2518	93	1.4731	1118	91	1076	0.09	+	9	23	35.0 (15.4,59.2)	11.8 (1.5,36.4)	N/A (N/A,N/A)	0.0 (0.0,97.5)	47.6	46.0	0.26	0.066	0.207	0.321
simadna_hd_100	499905	499905	499905	99	0.02372	4.2	f	2356	Artiodactyla	Cervidae	Mazama_temama	best	377	0.1600	317	1.1892	4589	300	4379	0.31	++	31	63	18.6 (9.7,30.9)	35.0 (23.1,48.4)	33.3 (0.8,90.6)	50.0 (1.3,98.7)	47.7	48.0	0.91	0.28	0.555	0.505
simadna_hd_1000	4999234	4999234	4999234	100	0.008757	19.7	f	3228	Pholidota	Manidae	Smutsia_temminckii	best	652	0.2019	217	3.0046	1761	213	1711	0.13	+	11	20	3.6 (0.1,18.3)	23.3 (11.8,38.6)	0.0 (0.0,70.8)	N/A (N/A,N/A)	44.6	46.0	0.58	0.106	0.402	0.264
simadna_hd_1000	4999234	4999234	4999234	101	0.01234	29.5	f	16362	Chiroptera	Vespertilionidae	Myotis_aurascens	best	3847	0.2351	784	4.9068	4356	697	4131	0.42	++	42	78	20.5 (13.6,29.0)	15.6 (9.6,23.2)	25.0 (0.6,80.6)	25.0 (0.6,80.6)	43.8	44.3	2.08	0.259	0.84	0.308
simadna_hd_1000	4999234	4999234	4999234	104	0.01194	21.6	f	461	Perissodactyla	Tapiridae	Tapirus_indicus	best	145	0.3145	81	1.7901	934	81	934	0.04	-	8	15	22.7 (7.8,45.4)	17.6 (3.8,43.4)	0.0 (0.0,84.2)	0.0 (0.0,84.2)	41.3	44.7	0.2	0.055	0.161	0.344
simadna_hd_1000	4999234	4999234	4999234	108	0.01316	55.9	f	3429	Perissodactyla	Rhinocerotidae	Rhinoceros_sondaicus	best	1643	0.4791	346	4.7485	2356	333	2286	0.20	+	18	43	10.6 (4.4,20.6)	19.6 (10.2,32.4)	0.0 (0.0,70.8)	0.0 (0.0,97.5)	44.3	43.8	0.92	0.143	0.559	0.256
simadna_hd_1000	4999234	4999234	4999234	11	0.005467	44.5	f	1574	Perissodactyla	Equidae	Equus_zebra_hartmannae	best	442	0.2808	171	2.5847	1572	171	1572	0.10	-	9	27	8.8 (1.9,23.7)	12.5 (4.7,25.2)	0.0 (0.0,84.2)	N/A (N/A,N/A)	44.1	43.2	0.45	0.095	0.333	0.287
simadna_hd_1000	4999234	4999234	4999234	114	0.009237	39.6	f	2551	Eulipotyphla	Erinaceidae	Neohylomys_hainanensis	best	501	0.1963	155	3.2322	1099	154	1058	0.09	-	8	17	17.2 (5.8,35.8)	15.0 (3.2,37.9)	N/A (N/A,N/A)	0.0 (0.0,84.2)	43.9	40.8	0.38	0.063	0.29	0.216
simadna_hd_1000	4999234	4999234	4999234	1155	0.8418	141.0	f	153356	Proboscidea	Elephantidae	Mammuthus_primigenius	best	154814	1.0095	31705	4.8829	16450	31064	16304	18.97	++	2917	5881	26.8 (25.6,27.9)	24.9 (23.8,26.1)	27.9 (22.8,33.3)	24.5 (20.0,29.4)	59.9	63.3	113.29	0.98	1.0	0.98
simadna_hd_1000	4999234	4999234	4999234	1250	0.8681	615.0	f	481001	Artiodactyla	Suidae	Sus_scrofa_taivanus	best	518495	1.0779	31463	16.4795	16480	29856	16159	18.23	++	2138	3897	19.1 (18.1,20.1)	18.6 (17.6,19.6)	16.1 (11.3,21.9)	15.0 (10.5,20.4)	50.9	52.7	97.43	1.0	1.0	1.0
simadna_hd_1000	4999234	4999234	4999234	127	0.01038	23.9	f	722	Rodentia	Gliridae	Glis_glis	best	240	0.3324	66	3.6363	730	66	730	0.04	-	3	4	20.0 (0.5,71.6)	15.4 (1.9,45.4)	N/A (N/A,N/A)	N/A (N/A,N/A)	43.7	42.2	0.17	0.043	0.142	0.309
simadna_hd_1000	4999234	4999234	4999234	132	0.01189	31.0	f	967	Hyracoidea	Chrysochloridae	Chrysochloris_asiatica	best	781	0.8076	158	4.9430	1449	158	1449	0.09	+	15	27	21.9 (9.3,40.0)	24.2 (11.1,42.3)	0.0 (0.0,97.5)	0.0 (0.0,84.2)	44.2	44.6	0.41	0.087	0.309	0.281
simadna_hd_1000	4999234	4999234	4999234	137	0.01362	34.6	f	1380	Carnivora	Procyonidae	Procyon_lotor	best	483	0.3500	207	2.3333	1568	184	1434	0.11	-	9	24	18.5 (6.3,38.1)	18.5 (6.3,38.1)	100.0 (2.5,100.0)	50.0 (1.3,98.7)	45.7	48.4	0.56	0.094	0.391	0.24
simadna_hd_1000	4999234	4999234	4999234	142	0.02035	49.1	f	19499	Carnivora	Herpestidae	Herpestes_ichneumon	best	6741	0.3457	1258	5.3585	5628	1180	5409	0.72	-	60	155	13.4 (9.2,18.6)	11.0 (7.6,15.2)	16.7 (0.4,64.1)	16.7 (0.4,64.1)	45.8	45.3	3.43	0.335	0.951	0.352
simadna_hd_1000	4999234	4999234	4999234	146	0.01363	73.8	f	3144	Carnivora	Mephitidae	Mydaus_javanensis	best	2041	0.6491	292	6.9897	1643	289	1603	0.17	-	15	35	18.5 (9.3,31.4)	8.1 (2.7,17.8)	N/A (N/A,N/A)	0.0 (0.0,84.2)	47.5	53.1	0.84	0.1	0.526	0.19
simadna_hd_1000	4999234	4999234	4999234	147	0.01414	49.1	f	852	Artiodactyla	Tayassuidae	Pecari_tajacu	best	881	1.0340	187	4.7112	1548	175	1361	0.10	-	12	31	20.6 (8.7,37.9)	16.7 (6.4,32.8)	100.0 (2.5,100.0)	100.0 (2.5,100.0)	45.6	45.3	0.5	0.091	0.36	0.255
simadna_hd_1000	4999234	4999234	4999234	148	0.02676	30.4	f	2489	Artiodactyla	Moschidae	Moschus_cupreus	best	1629	0.6544	452	3.6039	3342	452	3342	0.27	+	30	69	20.7 (12.6,31.1)	15.7 (8.6,25.3)	N/A (N/A,N/A)	0.0 (0.0,84.2)	47.6	49.9	1.31	0.204	0.686	0.297
simadna_hd_1000	4999234	4999234	4999234	152	0.02601	17.4	f	23124	Artiodactyla	Cervidae	Mazama_nemorivaga	best	7267	0.3142	2128	3.4149	8714	1968	8477	1.20	++	111	253	17.1 (13.3,21.5)	13.9 (10.6,17.8)	21.4 (4.7,50.8)	25.0 (5.5,57.2)	46.5	46.8	6.08	0.532	0.995	0.535
simadna_hd_1000	4999234	4999234	4999234	156	0.02004	44.0	f	5617	Carnivora	Phocidae	Monachus_monachus	best	2754	0.4902	442	6.2307	2730	437	2661	0.26	-	22	48	15.3 (8.4,24.7)	9.6 (4.5,17.4)	0.0 (0.0,97.5)	0.0 (0.0,84.2)	45.0	41.8	1.18	0.163	0.649	0.251
simadna_hd_1000	4999234	4999234	4999234	1623	0.7681	38.0	f	35042	Primates	Hominidae	Homo_sapiens_neanderthalensis	best	33306	0.9504	19868	1.6763	16565	18962	16436	11.58	++	2300	4633	30.2 (28.7,31.6)	30.2 (28.8,31.7)	23.1 (18.3,28.5)	25.0 (19.9,30.7)	55.8	55.7	67.03	1.0	1.0	1.0
simadna_hd_1000	4999234	4999234	4999234	173	0.02453	66.9	f	14454	Carnivora	Viverridae	Genetta_genetta	best	3148	0.2177	863	3.6477	5304	861	5245	0.52	+	52	119	17.0 (11.9,23.2)	10.7 (6.7,15.8)	50.0 (1.3,98.7)	25.0 (0.6,80.6)	44.6	44.2	2.28	0.314	0.866	0.362
simadna_hd_1000	4999234	4999234	4999234	174	0.02016	50.2	f	1028	Carnivora	Nandiniidae	Nandinia_binotata	best	657	0.6391	235	2.7957	2132	221	1992	0.13	-	15	36	19.6 (9.4,33.9)	23.1 (9.0,43.6)	0.0 (0.0,97.5)	N/A (N/A,N/A)	44.5	44.1	0.61	0.124	0.419	0.297
simadna_hd_1000	4999234	4999234	4999234	18	0.004194	11.6	f	1146	Primates	Indriidae	Propithecus_edwardsi	best	310	0.2705	111	2.7927	1254	111	1254	0.06	-	7	14	25.0 (5.5,57.2)	21.1 (6.1,45.6)	N/A (N/A,N/A)	0.0 (0.0,97.5)	44.2	41.9	0.28	0.073	0.223	0.327
simadna_hd_1000	4999234	4999234	4999234	20	0.006139	5.55	f	2437	Rodentia	Spalacidae	Eospalax_fontanierii_cansus	best	139	0.0570	83	1.6746	1244	79	1199	0.04	-	4	9	6.2 (0.2,30.2)	18.8 (4.0,45.6)	N/A (N/A,N/A)	N/A (N/A,N/A)	42.8	41.3	0.21	0.076	0.173	0.437
simadna_hd_1000	4999234	4999234	4999234	20	0.006856	25.4	f	970	Carnivora	Ailuridae	Ailurus_fulgens	best	923	0.9515	140	6.5928	1126	88	1008	0.05	-	8	14	28.6 (8.4,58.1)	22.2 (6.4,47.6)	0.0 (0.0,97.5)	N/A (N/A,N/A)	42.0	42.6	0.39	0.068	0.293	0.232
simadna_hd_1000	4999234	4999234	4999234	221	0.02684	42.2	f	9421	Carnivora	Eupleridae	Fossa_fossana	best	3635	0.3858	792	4.5896	4430	787	4420	0.48	+	49	104	13.3 (8.7,19.2)	14.4 (9.6,20.3)	11.1 (0.3,48.2)	33.3 (0.8,90.6)	46.5	47.6	2.2	0.264	0.856	0.308
simadna_hd_1000	4999234	4999234	4999234	25	0.003951	14.5	f	449	Pilosa	Myrmecophagidae	Tamandua_mexicana	best	102	0.2271	51	2.0000	576	51	576	0.03	-	5	14	30.0 (6.7,65.2)	14.3 (1.8,42.8)	0.0 (0.0,97.5)	0.0 (0.0,84.2)	42.1	41.4	0.13	0.035	0.109	0.321
simadna_hd_1000	4999234	4999234	4999234	25	0.01362	2.4	f	5993	Carnivora	Ursidae	Ursus_thibetanus_mupinensis	best	1538	0.2566	386	3.9844	3141	346	3063	0.21	-	19	34	14.3 (7.1,24.7)	14.8 (7.0,26.2)	N/A (N/A,N/A)	0.0 (0.0,97.5)	43.5	46.5	0.99	0.186	0.586	0.317
simadna_hd_1000	4999234	4999234	4999234	34	0.003885	22.1	f	2038	Primates	Pitheciidae	Plecturocebus_donacophilus	best	300	0.1472	110	2.7272	1073	91	996	0.05	-	2	9	4.2 (0.1,21.1)	6.7 (0.2,31.9)	N/A (N/A,N/A)	N/A (N/A,N/A)	42.9	42.3	0.28	0.064	0.221	0.292
simadna_hd_1000	4999234	4999234	4999234	35	0.006439	24.9	f	1910	Primates	Atelidae	Alouatta_guariba_clamitans	best	883	0.4623	177	4.9887	1405	175	1357	0.10	-	9	23	17.1 (7.2,32.1)	8.3 (1.0,27.0)	N/A (N/A,N/A)	0.0 (0.0,97.5)	47.3	51.4	0.5	0.084	0.358	0.235
simadna_hd_1000	4999234	4999234	4999234	37	0.004426	268.0	f	1807	Lagomorpha	Ochotonidae	Ochotona_hyperborea	best	277	0.1532	86	3.2209	953	86	953	0.05	-	2	9	11.8 (1.5,36.4)	0.0 (0.0,24.7)	N/A (N/A,N/A)	N/A (N/A,N/A)	41.8	40.1	0.21	0.055	0.169	0.329
simadna_hd_1000	4999234	4999234	4999234	38	0.004297	50.4	f	17218	Rodentia	Muridae	Rattus_norvegicus	best	2971	0.1725	574	5.1759	3430	543	3393	0.33	-	25	64	12.5 (6.6,20.8)	11.5 (6.3,18.9)	N/A (N/A,N/A)	0.0 (0.0,84.2)	44.7	47.5	1.57	0.21	0.75	0.28
simadna_hd_1000	4999234	4999234	4999234	40	0.00791	35.9	f	2239	Primates	Lepilemuridae	Lepilemur_hubbardorum	best	1109	0.4953	207	5.3574	1308	196	1297	0.11	+	13	33	8.1 (1.7,21.9)	20.0 (10.0,33.7)	0.0 (0.0,60.2)	N/A (N/A,N/A)	43.0	43.8	0.52	0.077	0.372	0.208
simadna_hd_1000	4999234	4999234	4999234	41	0.008995	10.2	f	813	Didelphimorphia	Didelphidae	Didelphis_imperfecta	best	219	0.2693	92	2.3804	891	84	750	0.05	+	7	12	33.3 (9.9,65.1)	10.7 (2.3,28.2)	N/A (N/A,N/A)	0.0 (0.0,84.2)	45.9	46.7	0.24	0.051	0.193	0.268
simadna_hd_1000	4999234	4999234	4999234	42	0.005976	20.2	f	1617	Lagomorpha	Leporidae	Lepus_europaeus	best	302	0.1867	125	2.4160	1629	122	1604	0.07	+	8	12	3.6 (0.1,18.3)	24.1 (10.3,43.5)	0.0 (0.0,84.2)	0.0 (0.0,97.5)	42.8	44.2	0.3	0.091	0.234	0.391
simadna_hd_1000	4999234	4999234	4999234	42	0.007479	12.3	f	1086	Primates	Tarsiidae	Tarsius_wallacei	best	238	0.2191	99	2.4040	1234	99	1234	0.06	-	8	18	19.0 (5.4,41.9)	14.8 (4.2,33.7)	0.0 (0.0,97.5)	0.0 (0.0,84.2)	44.5	44.7	0.25	0.072	0.204	0.355
simadna_hd_1000	4999234	4999234	4999234	42	0.02422	178.0	f	31448	Carnivora	Felidae	Panthera_tigris_amoyensis	best	11749	0.3736	1965	5.9791	6825	1931	6733	1.17	+	103	262	14.8 (11.4,18.8)	11.4 (8.5,14.8)	9.1 (0.2,41.3)	9.1 (0.2,41.3)	45.6	44.6	5.27	0.401	0.99	0.405
simadna_hd_1000	4999234	4999234	4999234	44	0.004378	12.9	f	469	Chiroptera	Mormoopidae	Pteronotus_personatus	best	108	0.2302	59	1.8305	878	58	827	0.03	-	5	12	18.8 (4.0,45.6)	11.1 (1.4,34.7)	N/A (N/A,N/A)	N/A (N/A,N/A)	44.8	42.2	0.15	0.052	0.131	0.402
simadna_hd_1000	4999234	4999234	4999234	46	0.003567	25.0	f	1289	Rodentia	Dipodidae	Sicista_concolor	best	169	0.1311	67	2.5223	687	59	659	0.03	-	4	9	14.3 (0.4,57.9)	13.6 (2.9,34.9)	0.0 (0.0,97.5)	N/A (N/A,N/A)	41.1	43.0	0.16	0.041	0.138	0.301
simadna_hd_1000	4999234	4999234	4999234	47	0.006444	11.1	f	219	Primates	Aotidae	Aotus_azarai_azarai	best	25	0.1141	10	2.5000	250	10	250	0.00	-	0	3	0.0 (0.0,97.5)	0.0 (0.0,52.2)	N/A (N/A,N/A)	N/A (N/A,N/A)	40.7	41.7	0.02	0.015	0.021	0.703
simadna_hd_1000	4999234	4999234	4999234	48	0.005692	8.71	f	3835	Primates	Cebidae	Saguinus_midas	best	1277	0.3329	292	4.3732	1857	281	1847	0.17	-	12	39	15.4 (6.9,28.1)	5.6 (1.5,13.6)	0.0 (0.0,84.2)	0.0 (0.0,97.5)	46.7	47.9	0.82	0.112	0.517	0.217
simadna_hd_1000	4999234	4999234	4999234	484	0.267	141.0	f	990872	Artiodactyla	Bovidae	Bos_indicus	best	1043837	1.0534	31899	32.7231	16336	30697	16213	18.74	++	1886	3438	15.8 (14.9,16.8)	17.0 (16.0,18.0)	14.8 (10.4,20.1)	16.9 (11.9,22.9)	47.2	49.3	92.34	0.999	1.0	0.999
simadna_hd_1000	4999234	4999234	4999234	49	0.00482	4.2	f	7535	Rodentia	Cricetidae	Cricetulus_longicaudatus	best	2749	0.3648	369	7.4498	1990	368	1952	0.22	-	14	33	10.7 (4.0,21.9)	10.0 (4.4,18.8)	N/A (N/A,N/A)	0.0 (0.0,84.2)	46.5	51.2	1.05	0.122	0.604	0.201
simadna_hd_1000	4999234	4999234	4999234	49	0.006792	25.7	f	2475	Primates	Lemuridae	Eulemur_mongoz	best	827	0.3341	215	3.8465	1427	214	1375	0.13	-	12	25	14.0 (5.3,27.9)	16.7 (6.4,32.8)	0.0 (0.0,97.5)	0.0 (0.0,97.5)	42.8	41.2	0.55	0.085	0.385	0.221
simadna_hd_1000	4999234	4999234	4999234	50	0.006052	36.0	f	517	Diprotodontia	Phalangeridae	Trichosurus_vulpecula	best	200	0.3868	68	2.9411	625	57	563	0.03	-	3	8	16.7 (2.1,48.4)	5.6 (0.1,27.3)	0.0 (0.0,97.5)	N/A (N/A,N/A)	44.7	41.0	0.17	0.036	0.143	0.253
simadna_hd_1000	4999234	4999234	4999234	51	0.008373	33.4	f	5967	Carnivora	Otariidae	Arctocephalus_pusillus	best	2037	0.3413	423	4.8156	2635	382	2446	0.23	+	26	67	15.0 (8.0,24.7)	17.5 (9.9,27.6)	0.0 (0.0,52.2)	0.0 (0.0,70.8)	45.6	45.9	1.15	0.158	0.64	0.246
simadna_hd_1000	4999234	4999234	4999234	52	0.004593	28.1	f	1110	Scandentia	Tupaiidae	Tupaia_glis	best	400	0.3603	118	3.3898	904	118	904	0.07	+	8	15	9.1 (1.1,29.2)	25.0 (9.8,46.7)	N/A (N/A,N/A)	0.0 (0.0,97.5)	43.0	41.9	0.3	0.053	0.234	0.23
simadna_hd_1000	4999234	4999234	4999234	52	0.005279	49.1	f	722	Pilosa	Megalonychidae	Parocnus_serus	best	231	0.3199	86	2.6860	505	79	451	0.04	-	7	18	43.8 (19.8,70.1)	0.0 (0.0,18.5)	N/A (N/A,N/A)	0.0 (0.0,97.5)	43.1	42.7	0.23	0.032	0.189	0.172
simadna_hd_1000	4999234	4999234	4999234	52	0.007282	19.3	f	2973	Cingulata	Chlamyphoridae	Chaetophractus_vellerosus	best	285	0.0958	116	2.4568	1427	109	1414	0.06	-	6	10	4.8 (0.1,23.8)	20.0 (6.8,40.7)	0.0 (0.0,97.5)	N/A (N/A,N/A)	41.4	41.7	0.28	0.085	0.225	0.381
simadna_hd_1000	4999234	4999234	4999234	53	0.005514	20.2	f	657	Artiodactyla	Physeteridae	Kogia_sima	best	168	0.2557	78	2.1538	970	76	925	0.04	-	6	15	16.7 (3.6,41.4)	25.0 (5.5,57.2)	N/A (N/A,N/A)	N/A (N/A,N/A)	45.4	47.6	0.21	0.059	0.173	0.341
simadna_hd_1000	4999234	4999234	4999234	53	0.005685	12.7	f	782	Cingulata	Dasypodidae	Dasypus_kappleri	best	173	0.2212	75	2.3066	816	75	816	0.04	-	8	12	24.0 (9.4,45.1)	18.2 (2.3,51.8)	0.0 (0.0,97.5)	0.0 (0.0,97.5)	45.3	54.2	0.2	0.049	0.164	0.297
simadna_hd_1000	4999234	4999234	4999234	53	0.005897	160.0	f	9106	Chiroptera	Pteropodidae	Rousettus_lanosus	best	2354	0.2585	430	5.4744	2879	430	2879	0.26	+	28	57	16.4 (8.8,27.0)	16.7 (9.8,25.6)	0.0 (0.0,60.2)	0.0 (0.0,84.2)	44.7	43.9	1.14	0.171	0.635	0.269
simadna_hd_1000	4999234	4999234	4999234	54	0.01034	12.4	f	2695	Artiodactyla	Delphinidae	Lagenorhynchus_albirostris	best	749	0.2779	238	3.1470	2129	221	2069	0.13	-	16	36	14.9 (6.2,28.3)	18.8 (8.9,32.6)	0.0 (0.0,84.2)	0.0 (0.0,84.2)	44.4	43.3	0.64	0.129	0.434	0.298
simadna_hd_1000	4999234	4999234	4999234	55	0.004652	22.6	f	1482	Dasyuromorphia	Dasyuridae	Sminthopsis_douglasi	best	574	0.3873	97	5.9175	724	96	685	0.05	-	8	15	17.4 (5.0,38.8)	12.9 (3.6,29.8)	0.0 (0.0,84.2)	0.0 (0.0,97.5)	42.6	42.4	0.24	0.043	0.197	0.221
simadna_hd_1000	4999234	4999234	4999234	55	0.004739	37.0	f	3536	Macroscelidea	Macroscelididae	Elephantulus_fuscipes	best	287	0.0811	90	3.1888	1107	90	1107	0.05	-	4	11	18.8 (4.0,45.6)	9.1 (0.2,41.3)	N/A (N/A,N/A)	0.0 (0.0,97.5)	42.4	48.3	0.22	0.066	0.182	0.362
simadna_hd_1000	4999234	4999234	4999234	56	0.004784	25.5	f	1038	Rodentia	Heteromyidae	Dipodomys_merriami	best	331	0.3188	121	2.7355	691	121	691	0.07	+	11	19	19.4 (7.5,37.5)	26.9 (11.6,47.8)	100.0 (15.8,100.0)	100.0 (15.8,100.0)	43.2	49.2	0.32	0.042	0.246	0.172
simadna_hd_1000	4999234	4999234	4999234	58	0.01196	22.3	f	1003	Artiodactyla	Phocoenidae	Phocoena_sinus	best	244	0.2432	115	2.1217	1278	111	1225	0.06	-	4	12	6.2 (0.2,30.2)	11.5 (2.4,30.2)	N/A (N/A,N/A)	N/A (N/A,N/A)	40.8	41.2	0.28	0.078	0.224	0.348
simadna_hd_1000	4999234	4999234	4999234	59	0.005062	15.4	f	113	Diprotodontia	Petauridae	Dactylopsila_trivirgata	best	25	0.2212	12	2.0833	358	12	358	0.00	-	0	0	0.0 (0.0,60.2)	0.0 (0.0,84.2)	N/A (N/A,N/A)	N/A (N/A,N/A)	41.3	N/A	0.03	0.022	0.026	0.828
simadna_hd_1000	4999234	4999234	4999234	60	0.005412	17.4	f	684	Pilosa	Bradypodidae	Bradypus_variegatus	best	150	0.2192	58	2.5862	594	49	456	0.02	-	2	8	20.0 (0.5,71.6)	6.2 (0.2,30.2)	N/A (N/A,N/A)	0.0 (0.0,97.5)	42.9	42.5	0.14	0.035	0.122	0.292
simadna_hd_1000	4999234	4999234	4999234	65	0.005783	30.6	f	261	Sirenia	Dugongidae	Hydrodamalis_gigas	best	147	0.5632	77	1.9090	767	77	767	0.04	-	7	19	31.8 (13.9,54.9)	0.0 (0.0,18.5)	N/A (N/A,N/A)	0.0 (0.0,70.8)	49.0	48.2	0.22	0.045	0.179	0.253
simadna_hd_1000	4999234	4999234	4999234	66	0.006014	20.2	f	640	Primates	Lorisidae	Xanthonycticebus_pygmaeus	best	132	0.2062	47	2.8085	674	47	674	0.02	-	2	3	0.0 (0.0,33.6)	11.1 (1.4,34.7)	N/A (N/A,N/A)	N/A (N/A,N/A)	44.8	71.3	0.12	0.039	0.104	0.383
simadna_hd_1000	4999234	4999234	4999234	66	0.007564	63.0	f	7687	Carnivora	Canidae	Vulpes_lagopus	best	1650	0.2146	425	3.8823	2593	417	2535	0.25	+	25	50	25.4 (15.3,37.9)	14.5 (6.9,25.8)	N/A (N/A,N/A)	0.0 (0.0,84.2)	44.7	43.6	1.13	0.155	0.633	0.245
simadna_hd_1000	4999234	4999234	4999234	68	0.007024	17.8	f	1887	Artiodactyla	Tragulidae	Tragulus_napu	best	385	0.2040	159	2.4213	1359	159	1359	0.09	+	13	23	30.6 (16.3,48.1)	9.7 (2.0,25.8)	50.0 (1.3,98.7)	50.0 (1.3,98.7)	45.2	46.7	0.45	0.086	0.33	0.26
simadna_hd_1000	4999234	4999234	4999234	69	0.00779	11.2	f	9238	Primates	Cercopithecidae	Macaca_sylvanus	best	2623	0.2839	618	4.2443	3247	588	3209	0.35	++	42	94	17.4 (11.4,25.0)	17.7 (11.2,26.0)	50.0 (1.3,98.7)	14.3 (0.4,57.9)	45.7	46.9	1.7	0.195	0.778	0.251
simadna_hd_1000	4999234	4999234	4999234	69	0.0131	15.6	f	1862	Artiodactyla	Balaenopteridae	Balaenoptera_musculus	best	427	0.2293	218	1.9587	1767	216	1720	0.13	+	13	42	20.0 (10.0,33.7)	6.7 (1.4,18.3)	N/A (N/A,N/A)	0.0 (0.0,84.2)	45.4	48.2	0.6	0.107	0.413	0.26
simadna_hd_1000	4999234	4999234	4999234	70	0.00662	24.2	f	501	Rodentia	Octodontidae	Octodon_degus	best	124	0.2475	61	2.0327	588	38	510	0.02	-	3	4	14.3 (1.8,42.8)	100.0 (2.5,100.0)	0.0 (0.0,97.5)	N/A (N/A,N/A)	42.2	45.5	0.15	0.035	0.13	0.267
simadna_hd_1000	4999234	4999234	4999234	70	0.006882	50.7	f	1052	Chiroptera	Hipposideridae	Hipposideros_pomona	best	979	0.9306	157	6.2356	1037	157	1037	0.09	+	15	27	13.0 (2.8,33.6)	37.5 (21.1,56.3)	0.0 (0.0,70.8)	0.0 (0.0,97.5)	45.7	45.7	0.42	0.061	0.314	0.196
simadna_hd_1000	4999234	4999234	4999234	70	0.01698	160.0	f	5440	Chiroptera	Rhinolophidae	Rhinolophus_macrotis	best	2289	0.4207	426	5.3732	2360	419	2309	0.25	++	36	67	17.4 (10.1,27.1)	25.3 (16.6,35.7)	50.0 (1.3,98.7)	25.0 (0.6,80.6)	46.3	44.1	1.16	0.14	0.642	0.217
simadna_hd_1000	4999234	4999234	4999234	74	0.00773	18.5	f	778	Chiroptera	Molossidae	Tadarida_teniotis	best	158	0.2030	87	1.8160	970	87	970	0.05	-	1	7	6.2 (0.2,30.2)	0.0 (0.0,26.5)	N/A (N/A,N/A)	N/A (N/A,N/A)	42.5	41.7	0.21	0.057	0.175	0.326
simadna_hd_1000	4999234	4999234	4999234	75	0.007346	26.5	f	10311	Eulipotyphla	Soricidae	Crocidura_leucodon	best	962	0.0932	359	2.6796	2702	356	2651	0.21	-	18	35	13.4 (6.3,24.0)	15.5 (7.3,27.4)	0.0 (0.0,97.5)	N/A (N/A,N/A)	43.1	44.0	0.91	0.159	0.553	0.288
simadna_hd_1000	4999234	4999234	4999234	75	0.009585	4.63	f	768	Primates	Hylobatidae	Hylobates_lar	best	143	0.1861	76	1.8815	1322	68	1217	0.04	-	3	10	23.1 (5.0,53.8)	0.0 (0.0,36.9)	N/A (N/A,N/A)	0.0 (0.0,97.5)	42.0	42.7	0.19	0.08	0.157	0.511
simadna_hd_1000	4999234	4999234	4999234	80	0.006952	120.0	f	1280	Hyracoidea	Procaviidae	Procavia_capensis	best	1275	0.9960	132	9.6590	976	132	976	0.08	+	8	17	9.4 (2.0,25.0)	27.8 (9.7,53.5)	N/A (N/A,N/A)	N/A (N/A,N/A)	44.2	46.1	0.34	0.058	0.264	0.22
simadna_hd_1000	4999234	4999234	4999234	8421	0.9065	1720.0	f	1457929	Carnivora	Hyaenidae	Crocuta_crocuta	best	1715362	1.1765	32804	52.2912	17002	30788	16446	18.80	++	1823	2929	14.9 (14.0,15.8)	14.3 (13.5,15.2)	13.8 (9.2,19.5)	12.6 (8.4,17.9)	45.9	48.3	88.49	0.992	1.0	0.992
simadna_hd_1000	4999234	4999234	4999234	86	0.01147	30.8	f	15420	Carnivora	Mustelidae	Mustela_kathiah	best	5767	0.3739	959	6.0135	4379	947	4249	0.57	-	40	106	13.3 (8.8,19.0)	8.1 (4.6,13.0)	0.0 (0.0,97.5)	0.0 (0.0,41.0)	44.7	46.1	2.59	0.264	0.899	0.294
simadna_hd_1000	4999234	4999234	4999234	87	0.008385	15.9	f	628	Rodentia	Hystricidae	Hystrix_brachyura	best	228	0.3630	99	2.3030	1068	99	1068	0.06	-	2	14	0.0 (0.0,17.6)	14.3 (1.8,42.8)	N/A (N/A,N/A)	N/A (N/A,N/A)	45.0	46.2	0.26	0.063	0.208	0.305
simadna_hd_1000	4999234	4999234	4999234	87	0.0104	15.9	f	887	Artiodactyla	Hippopotamidae	Hippopotamus_amphibius	best	685	0.7722	200	3.4250	1435	175	1330	0.10	-	8	26	19.4 (7.5,37.5)	7.9 (1.7,21.4)	100.0 (2.5,100.0)	50.0 (1.3,98.7)	48.4	46.6	0.58	0.087	0.404	0.216
simadna_hd_1000	4999234	4999234	4999234	88	0.009493	23.1	f	2090	Artiodactyla	Camelidae	Camelus_dromedarius	best	926	0.4430	246	3.7642	1521	246	1521	0.15	+	20	36	15.1 (6.7,27.6)	29.5 (16.8,45.2)	20.0 (0.5,71.6)	50.0 (1.3,98.7)	47.1	47.2	0.69	0.091	0.458	0.199
simadna_hd_1000	4999234	4999234	4999234	89	0.009005	21.4	f	13195	Chiroptera	Phyllostomidae	Artibeus_hartii	best	1770	0.1341	594	2.9797	3508	587	3453	0.35	+	31	77	19.1 (11.8,28.6)	13.2 (7.6,20.8)	50.0 (6.8,93.2)	66.7 (9.4,99.2)	44.4	46.2	1.59	0.211	0.754	0.28
simadna_hd_1000	4999234	4999234	4999234	90	0.01361	18.4	f	3745	Artiodactyla	Ziphiidae	Mesoplodon_bidens	best	1032	0.2755	350	2.9485	2600	340	2584	0.20	+	26	57	17.2 (8.9,28.7)	22.2 (13.3,33.6)	20.0 (0.5,71.6)	20.0 (0.5,71.6)	44.6	44.5	0.96	0.159	0.572	0.277
simadna_hd_1000	4999234	4999234	4999234	92	0.009474	16.1	f	10981	Rodentia	Sciuridae	Sundasciurus_lowii	best	3200	0.2914	634	5.0473	3530	606	3452	0.37	-	29	69	12.9 (7.0,21.0)	13.7 (8.0,21.3)	0.0 (0.0,70.8)	0.0 (0.0,70.8)	44.5	45.9	1.75	0.216	0.787	0.274
simadna_hd_1000	4999234	4999234	4999234	93	0.007968	23.7	f	1974	Rodentia	Anomaluridae	Anomalurus_beecrofti	best	721	0.3652	154	4.6818	1231	135	1025	0.08	-	7	18	15.2 (5.1,31.9)	6.7 (0.8,22.1)	0.0 (0.0,97.5)	0.0 (0.0,97.5)	46.5	49.7	0.42	0.073	0.314	0.233
simadna_hd_1000	4999234	4999234	4999234	94	0.008752	12.2	f	4266	Rodentia	Echimyidae	Proechimys_semispinosus	best	861	0.2018	242	3.5578	2485	219	2323	0.13	+	16	20	15.8 (6.0,31.3)	29.7 (15.9,47.0)	50.0 (1.3,98.7)	100.0 (2.5,100.0)	43.1	45.7	0.62	0.147	0.422	0.349
simadna_hd_1000	4999234	4999234	4999234	96	0.02254	38.2	f	1577	Artiodactyla	Giraffidae	Giraffa_camelopardalis	best	717	0.4546	247	2.9028	2067	247	2067	0.15	+	19	56	22.9 (12.0,37.3)	16.4 (7.8,28.8)	100.0 (2.5,100.0)	33.3 (0.8,90.6)	44.7	46.5	0.67	0.125	0.447	0.281
simadna_hd_1000	4999234	4999234	4999234	98	0.01119	10.3	f	4576	Primates	Cheirogaleidae	Microcebus_griseorufus	best	776	0.1695	282	2.7517	2324	254	2270	0.15	-	12	31	6.9 (1.9,16.7)	16.3 (7.3,29.7)	0.0 (0.0,70.8)	N/A (N/A,N/A)	42.2	42.7	0.72	0.139	0.472	0.293
simadna_hd_1000	4999234	4999234	4999234	99	0.01245	17.4	f	5769	Eulipotyphla	Talpidae	Uropsilus_sp._4_FT-2015	best	1023	0.1773	305	3.3540	2608	301	2584	0.18	+	13	29	20.4 (10.6,33.5)	5.5 (1.1,15.1)	100.0 (2.5,100.0)	25.0 (0.6,80.6)	44.7	46.6	0.82	0.157	0.516	0.305
simadna_md	499895	499895	499895	171	0.08093	1.01	f	48	Primates	Hominidae	Homo_sapiens_neanderthalensis	best	47	0.9791	47	1.0000	2256	44	2126	1.16	-	1	3	8.3 (0.2,38.5)	0.0 (0.0,24.7)	N/A (N/A,N/A)	N/A (N/A,N/A)	51.8	52.0	0.14	0.136	0.122	1.116
simadna_md	499895	499895	499895	231	0.1684	1.29	f	189	Proboscidea	Elephantidae	Mammuthus_primigenius	best	189	1.0000	189	1.0000	7113	186	6964	4.92	+	15	18	30.8 (17.0,47.6)	12.9 (3.6,29.8)	100.0 (2.5,100.0)	50.0 (1.3,98.7)	50.0	45.4	0.56	0.424	0.392	1.081
simadna_md	499895	499895	499895	40	0.1333	3.33	f	1240	Artiodactyla	Bovidae	Bos_taurus	best	1235	0.9959	1207	1.0231	15348	1168	14996	30.92	+	59	95	16.9 (12.2,22.4)	9.8 (6.3,14.3)	40.0 (5.3,85.3)	40.0 (5.3,85.3)	51.4	52.4	3.81	0.939	0.965	0.972
simadna_md	499895	499895	499895	7311	0.787	3.78	f	2017	Carnivora	Hyaenidae	Crocuta_crocuta	best	1961	0.9722	1913	1.0250	16390	1788	15767	47.33	++	121	180	16.7 (13.2,20.7)	14.2 (10.9,18.2)	0.0 (0.0,23.2)	0.0 (0.0,24.7)	51.6	50.8	5.77	0.956	0.993	0.962
simadna_md	499895	499895	499895	868	0.6028	1.68	f	630	Artiodactyla	Suidae	Sus_scrofa_taivanus	best	629	0.9984	621	1.0128	13726	591	13133	15.64	+	29	45	16.4 (10.0,24.6)	12.1 (6.2,20.6)	0.0 (0.0,60.2)	0.0 (0.0,84.2)	51.7	52.2	1.95	0.832	0.821	1.013
simadna_md_01	499912	499912	499912	2206	0.2375	1.2	f	201	Carnivora	Hyaenidae	Crocuta_crocuta	best	196	0.9751	194	1.0103	7514	181	7044	46.29	+	14	19	26.9 (11.6,47.8)	18.4 (7.7,34.3)	N/A (N/A,N/A)	0.0 (0.0,84.2)	52.1	50.6	0.59	0.438	0.407	1.076
simadna_md_01	499912	499912	499912	37	0.02767	1.0	f	20	Proboscidea	Elephantidae	Mammuthus_columbi	best	20	1.0000	20	1.0000	1064	20	1064	5.11	-	0	0	0.0 (0.0,52.2)	0.0 (0.0,60.2)	N/A (N/A,N/A)	N/A (N/A,N/A)	53.3	N/A	0.06	0.064	0.055	1.165
simadna_md_01	499912	499912	499912	56	0.03889	1.0	f	60	Artiodactyla	Suidae	Sus_scrofa_taivanus	best	60	1.0000	60	1.0000	2800	59	2702	15.08	-	1	4	0.0 (0.0,26.5)	8.3 (0.2,38.5)	N/A (N/A,N/A)	N/A (N/A,N/A)	51.1	45.2	0.18	0.169	0.153	1.105
simadna_md_01	499912	499912	499912	8	0.02667	1.0	f	138	Artiodactyla	Bovidae	Bos_taurus	best	137	0.9927	136	1.0073	5823	131	5602	33.50	-	9	12	16.7 (4.7,37.4)	18.5 (6.3,38.1)	0.0 (0.0,84.2)	0.0 (0.0,97.5)	53.6	55.9	0.44	0.356	0.326	1.092
simadna_md_10	499901	499901	499901	101	0.05571	7.39	f	12374	Artiodactyla	Bovidae	Bos_indicus	best	12149	0.9818	9880	1.2296	16253	9463	16055	31.10	++	566	997	17.9 (16.2,19.7)	13.5 (12.0,15.2)	18.8 (8.9,32.6)	12.0 (5.6,21.6)	52.9	52.5	32.09	0.994	0.999	0.994
simadna_md_10	499901	499901	499901	11	0.001198	1.0	f	23	Rodentia	Sciuridae	Dremomys_everetti	best	4	0.1739	4	1.0000	183	4	183	0.01	-	1	1	0.0 (0.0,97.5)	100.0 (2.5,100.0)	N/A (N/A,N/A)	N/A (N/A,N/A)	45.8	37.0	0.01	0.011	0.009	1.138
simadna_md_10	499901	499901	499901	1183	0.8215	11.2	f	6168	Artiodactyla	Suidae	Sus_scrofa_taivanus	best	6142	0.9957	5538	1.1090	16341	5268	15954	17.31	++	311	481	15.9 (13.7,18.3)	14.3 (12.2,16.5)	10.0 (2.8,23.7)	16.0 (4.5,36.1)	52.1	52.8	17.55	0.991	0.999	0.991
simadna_md_10	499901	499901	499901	13	0.001663	1.0	f	63	Carnivora	Mustelidae	Martes_flavigula	best	11	0.1746	11	1.0000	295	11	295	0.03	-	4	5	66.7 (9.4,99.2)	66.7 (9.4,99.2)	N/A (N/A,N/A)	0.0 (0.0,97.5)	43.6	41.2	0.02	0.017	0.025	0.704
simadna_md_10	499901	499901	499901	13	0.001874	9.46	f	142	Carnivora	Herpestidae	Herpestes_naso	best	75	0.5281	61	1.2295	506	61	506	0.20	-	2	7	12.5 (0.3,52.7)	10.0 (0.3,44.5)	0.0 (0.0,97.5)	N/A (N/A,N/A)	50.2	54.6	0.18	0.03	0.149	0.202
simadna_md_10	499901	499901	499901	19	0.003541	1.32	f	41	Artiodactyla	Cervidae	Pudu_puda	best	12	0.2926	12	1.0000	579	9	429	0.02	-	1	1	0.0 (0.0,84.2)	50.0 (1.3,98.7)	N/A (N/A,N/A)	N/A (N/A,N/A)	55.7	88.0	0.04	0.035	0.035	0.993
simadna_md_10	499901	499901	499901	19	0.004724	1.0	f	150	Carnivora	Felidae	Leopardus_wiedii	best	56	0.3733	45	1.2444	728	44	686	0.14	-	3	4	0.0 (0.0,33.6)	18.8 (4.0,45.6)	0.0 (0.0,97.5)	N/A (N/A,N/A)	47.9	46.5	0.12	0.043	0.107	0.406
simadna_md_10	499901	499901	499901	21	0.002665	1.05	f	52	Carnivora	Viverridae	Viverricula_indica	best	16	0.3076	16	1.0000	639	15	585	0.04	-	1	1	33.3 (0.8,90.6)	25.0 (0.6,80.6)	100.0 (2.5,100.0)	100.0 (2.5,100.0)	49.5	35.0	0.04	0.038	0.041	0.927
simadna_md_10	499901	499901	499901	27	0.002525	1.0	f	75	Chiroptera	Phyllostomidae	Ectophylla_alba	best	2	0.0266	2	1.0000	132	2	132	0.00	-	0	1	0.0 (0.0,97.5)	N/A (N/A,N/A)	N/A (N/A,N/A)	N/A (N/A,N/A)	66.0	73.0	0.0	0.007	0.006	1.136
simadna_md_10	499901	499901	499901	7	0.0007915	1.14	f	70	Rodentia	Muridae	Rattus_norvegicus	best	12	0.1714	11	1.0909	241	11	241	0.03	-	1	1	33.3 (0.8,90.6)	0.0 (0.0,70.8)	N/A (N/A,N/A)	N/A (N/A,N/A)	48.1	49.0	0.03	0.014	0.028	0.523
simadna_md_10	499901	499901	499901	7612	0.8194	36.4	f	20144	Carnivora	Hyaenidae	Crocuta_crocuta	best	19490	0.9675	14169	1.3755	16813	13308	16316	43.74	++	896	1397	18.2 (16.8,19.7)	14.5 (13.2,15.8)	18.1 (10.9,27.4)	13.9 (8.3,21.4)	54.1	54.7	44.83	0.981	1.0	0.981
simadna_md_10	499901	499901	499901	810	0.3833	1.43	f	445	Primates	Hominidae	Homo_sapiens_neanderthalensis	best	443	0.9955	439	1.0091	12611	423	12085	1.39	++	30	49	16.7 (9.6,26.0)	17.0 (9.9,26.6)	0.0 (0.0,60.2)	0.0 (0.0,70.8)	51.1	51.1	1.35	0.761	0.698	1.089
simadna_md_10	499901	499901	499901	867	0.6319	2.92	f	1873	Proboscidea	Elephantidae	Mammuthus_primigenius	best	1873	1.0000	1825	1.0263	16287	1790	16097	5.88	+	98	149	16.0 (12.3,20.2)	11.6 (8.5,15.4)	0.0 (0.0,41.0)	0.0 (0.0,19.5)	50.1	49.9	5.46	0.971	0.991	0.979
simadna_md_10	499901	499901	499901	9	0.001113	1.0	f	51	Chiroptera	Vespertilionidae	Myotis_volans	best	13	0.2549	13	1.0000	341	12	332	0.03	-	1	2	33.3 (0.8,90.6)	0.0 (0.0,70.8)	N/A (N/A,N/A)	N/A (N/A,N/A)	45.8	49.5	0.03	0.019	0.029	0.664
simadna_md_100	499930	499930	499930	1199	0.8326	110.0	f	62252	Artiodactyla	Suidae	Sus_scrofa_taivanus	best	62041	0.9966	25987	2.3873	16468	24602	16141	24.45	++	1441	2179	17.1 (16.1,18.2)	13.1 (12.2,14.1)	20.4 (14.3,27.7)	16.7 (11.6,22.8)	58.2	58.9	92.01	0.999	1.0	0.999
simadna_md_100	499930	499930	499930	12	0.001211	1.33	f	121	Rodentia	Cricetidae	Microtus_cabrerae	best	33	0.2727	25	1.3200	411	25	411	0.02	+	7	12	25.0 (3.2,65.1)	45.5 (16.7,76.6)	N/A (N/A,N/A)	N/A (N/A,N/A)	52.6	48.6	0.08	0.025	0.068	0.366
simadna_md_100	499930	499930	499930	13	0.00147	3.0	f	631	Rodentia	Muridae	Rattus_norvegicus	best	121	0.1917	75	1.6133	928	71	894	0.07	-	5	10	14.3 (1.8,42.8)	20.0 (4.3,48.1)	N/A (N/A,N/A)	N/A (N/A,N/A)	45.2	45.2	0.2	0.056	0.166	0.34
simadna_md_100	499930	499930	499930	14	0.002129	1.43	f	101	Carnivora	Phocidae	Phoca_groenlandica	best	26	0.2574	18	1.4444	463	18	463	0.01	-	1	2	0.0 (0.0,70.8)	25.0 (0.6,80.6)	N/A (N/A,N/A)	N/A (N/A,N/A)	50.1	55.0	0.05	0.027	0.046	0.596
simadna_md_100	499930	499930	499930	15	0.004358	1.0	f	128	Rodentia	Sciuridae	Tamias_umbrinus	best	33	0.2578	26	1.2692	709	26	709	0.02	-	0	2	0.0 (0.0,41.0)	0.0 (0.0,84.2)	N/A (N/A,N/A)	N/A (N/A,N/A)	47.1	47.0	0.07	0.042	0.062	0.682
simadna_md_100	499930	499930	499930	1519	0.7189	7.63	f	4534	Primates	Hominidae	Homo_sapiens_neanderthalensis	best	4505	0.9936	4193	1.0744	16491	4039	16316	4.01	++	260	412	17.1 (14.7,19.7)	12.4 (10.4,14.8)	18.8 (7.2,36.4)	12.5 (4.7,25.2)	51.7	51.4	13.11	0.995	0.999	0.995
simadna_md_100	499930	499930	499930	16	0.005694	1.06	f	35	Artiodactyla	Delphinidae	Cephalorhynchus_heavisidii	best	11	0.3142	9	1.2222	282	7	217	0.00	-	0	1	0.0 (0.0,97.5)	0.0 (0.0,97.5)	N/A (N/A,N/A)	N/A (N/A,N/A)	40.7	39.0	0.02	0.017	0.021	0.809
simadna_md_100	499930	499930	499930	17	0.001704	1.47	f	157	Pholidota	Manidae	Manis_crassicaudata	best	12	0.0764	12	1.0000	308	12	308	0.01	-	1	1	0.0 (0.0,97.5)	33.3 (0.8,90.6)	N/A (N/A,N/A)	N/A (N/A,N/A)	42.2	45.0	0.03	0.018	0.026	0.697
simadna_md_100	499930	499930	499930	17	0.002255	2.18	f	187	Cingulata	Chlamyphoridae	Chaetophractus_villosus	best	41	0.2192	22	1.8636	175	22	175	0.02	-	0	1	0.0 (0.0,52.2)	0.0 (0.0,60.2)	N/A (N/A,N/A)	N/A (N/A,N/A)	39.1	42.0	0.05	0.01	0.044	0.235
simadna_md_100	499930	499930	499930	18	0.002036	2.22	f	67	Rodentia	Echimyidae	Proechimys_steerei	best	13	0.1940	11	1.1818	363	11	363	0.01	-	1	3	50.0 (1.3,98.7)	0.0 (0.0,97.5)	N/A (N/A,N/A)	N/A (N/A,N/A)	43.3	47.0	0.02	0.021	0.024	0.874
simadna_md_100	499930	499930	499930	18	0.003326	1.67	f	130	Primates	Cercopithecidae	Macaca_leonina	best	30	0.2307	25	1.2000	572	24	528	0.02	-	1	2	0.0 (0.0,60.2)	33.3 (0.8,90.6)	N/A (N/A,N/A)	N/A (N/A,N/A)	51.1	80.5	0.07	0.033	0.063	0.528
simadna_md_100	499930	499930	499930	20	0.004932	1.9	f	57	Primates	Cheirogaleidae	Microcebus_berthae	best	13	0.2280	11	1.1818	414	10	366	0.00	-	2	2	0.0 (0.0,52.2)	100.0 (15.8,100.0)	0.0 (0.0,84.2)	N/A (N/A,N/A)	44.8	40.0	0.02	0.024	0.025	0.957
simadna_md_100	499930	499930	499930	21	0.00301	4.95	f	44	Primates	Cebidae	Leontopithecus_rosalia	best	15	0.3409	15	1.0000	334	15	334	0.01	-	3	4	33.3 (0.8,90.6)	28.6 (3.7,71.0)	N/A (N/A,N/A)	N/A (N/A,N/A)	46.7	52.0	0.04	0.019	0.035	0.551
simadna_md_100	499930	499930	499930	22	0.003327	2.68	f	46	Artiodactyla	Ziphiidae	Mesoplodon_bidens	best	16	0.3478	13	1.2307	446	13	446	0.01	-	0	0	0.0 (0.0,70.8)	0.0 (0.0,70.8)	N/A (N/A,N/A)	N/A (N/A,N/A)	45.8	N/A	0.03	0.027	0.031	0.862
simadna_md_100	499930	499930	499930	23	0.002509	2.17	f	238	Macroscelidea	Macroscelididae	Rhynchocyon_chrysopygus	best	11	0.0462	9	1.2222	255	9	255	0.00	-	0	0	0.0 (0.0,84.2)	0.0 (0.0,97.5)	N/A (N/A,N/A)	N/A (N/A,N/A)	39.7	N/A	0.02	0.015	0.018	0.816
simadna_md_100	499930	499930	499930	23	0.003188	1.91	f	38	Primates	Lemuridae	Eulemur_mongoz	best	8	0.2105	8	1.0000	244	8	244	0.00	-	0	2	0.0 (0.0,97.5)	0.0 (0.0,97.5)	N/A (N/A,N/A)	N/A (N/A,N/A)	43.6	43.0	0.02	0.014	0.018	0.799
simadna_md_100	499930	499930	499930	23	0.005243	1.65	f	34	Primates	Lepilemuridae	Lepilemur_otto	best	14	0.4117	10	1.4000	267	10	267	0.00	-	2	3	33.3 (0.8,90.6)	20.0 (0.5,71.6)	N/A (N/A,N/A)	N/A (N/A,N/A)	49.6	47.0	0.02	0.015	0.025	0.617
simadna_md_100	499930	499930	499930	24	0.002428	2.12	f	702	Chiroptera	Phyllostomidae	Artibeus_hartii	best	37	0.0527	28	1.3214	792	28	792	0.02	-	2	2	0.0 (0.0,70.8)	28.6 (3.7,71.0)	N/A (N/A,N/A)	N/A (N/A,N/A)	45.1	48.5	0.07	0.047	0.064	0.734
simadna_md_100	499930	499930	499930	24	0.002996	47.7	f	482	Eulipotyphla	Soricidae	Sorex_gracillimus	best	77	0.1597	47	1.6382	991	47	991	0.04	-	2	8	9.1 (0.2,41.3)	6.7 (0.2,31.9)	N/A (N/A,N/A)	0.0 (0.0,97.5)	42.3	43.8	0.11	0.058	0.098	0.593
simadna_md_100	499930	499930	499930	26	0.002667	2.19	f	141	Eulipotyphla	Talpidae	Uropsilus_sp._1_FT-2014	best	19	0.1347	13	1.4615	313	12	273	0.01	-	1	1	20.0 (0.5,71.6)	0.0 (0.0,97.5)	N/A (N/A,N/A)	N/A (N/A,N/A)	42.2	41.0	0.03	0.018	0.028	0.657
simadna_md_100	499930	499930	499930	26	0.002893	56.5	f	358	Chiroptera	Pteropodidae	Rousettus_lanosus	best	224	0.6256	64	3.5000	622	64	622	0.06	-	2	9	10.0 (0.3,44.5)	7.1 (0.2,33.9)	0.0 (0.0,97.5)	N/A (N/A,N/A)	47.1	46.6	0.17	0.037	0.146	0.252
simadna_md_100	499930	499930	499930	26	0.004333	2.73	f	280	Carnivora	Otariidae	Arctocephalus_townsendi	best	37	0.1321	28	1.3214	713	26	652	0.02	-	4	6	33.3 (4.3,77.7)	40.0 (5.3,85.3)	N/A (N/A,N/A)	0.0 (0.0,97.5)	44.9	42.0	0.07	0.043	0.064	0.664
simadna_md_100	499930	499930	499930	27	0.003602	2.11	f	606	Carnivora	Mustelidae	Mustela_kathiah	best	191	0.3151	79	2.4177	1338	79	1338	0.07	+	8	12	30.8 (9.1,61.4)	31.2 (11.0,58.7)	25.0 (0.6,80.6)	100.0 (2.5,100.0)	47.1	43.7	0.22	0.08	0.18	0.448
simadna_md_100	499930	499930	499930	30	0.003438	1.37	f	267	Carnivora	Canidae	Vulpes_lagopus	best	24	0.0898	21	1.1428	563	21	563	0.02	-	2	4	0.0 (0.0,70.8)	28.6 (3.7,71.0)	N/A (N/A,N/A)	N/A (N/A,N/A)	44.2	40.0	0.05	0.033	0.048	0.704
simadna_md_100	499930	499930	499930	32	0.003452	1.34	f	30	Artiodactyla	Camelidae	Camelus_dromedarius	best	17	0.5666	16	1.0625	411	16	411	0.01	-	1	4	33.3 (0.8,90.6)	0.0 (0.0,84.2)	N/A (N/A,N/A)	N/A (N/A,N/A)	47.7	36.8	0.04	0.024	0.039	0.624
simadna_md_100	499930	499930	499930	34	0.003747	3.03	f	396	Chiroptera	Vespertilionidae	Myotis_bechsteinii	best	42	0.1060	35	1.2000	899	34	860	0.03	+	5	7	33.3 (4.3,77.7)	60.0 (14.7,94.7)	0.0 (0.0,84.2)	N/A (N/A,N/A)	42.9	40.0	0.08	0.052	0.074	0.706
simadna_md_100	499930	499930	499930	36	0.004388	3.47	f	47	Perissodactyla	Rhinocerotidae	Rhinoceros_sondaicus	best	20	0.4255	19	1.0526	398	19	398	0.01	-	0	0	0.0 (0.0,70.8)	0.0 (0.0,60.2)	N/A (N/A,N/A)	N/A (N/A,N/A)	46.1	N/A	0.05	0.024	0.046	0.526
simadna_md_100	499930	499930	499930	37	0.008867	2.51	f	477	Artiodactyla	Cervidae	Mazama_temama	best	106	0.2222	96	1.1041	2276	92	2219	0.09	-	9	16	16.1 (5.5,33.7)	14.8 (4.2,33.7)	0.0 (0.0,60.2)	0.0 (0.0,84.2)	47.5	43.9	0.27	0.139	0.218	0.637
simadna_md_100	499930	499930	499930	375	0.2068	17.0	f	123824	Artiodactyla	Bovidae	Bos_indicus	best	121972	0.9850	29185	4.1792	16323	27805	16148	27.63	++	1541	2548	16.1 (15.1,17.1)	12.5 (11.6,13.4)	17.8 (12.0,24.8)	12.3 (8.2,17.4)	61.3	63.6	109.73	0.998	1.0	0.998
simadna_md_100	499930	499930	499930	38	0.00687	2.29	f	31	Artiodactyla	Moschidae	Moschus_cupreus	best	22	0.7096	18	1.2222	537	18	537	0.01	-	2	3	25.0 (0.6,80.6)	20.0 (0.5,71.6)	0.0 (0.0,97.5)	N/A (N/A,N/A)	48.2	40.3	0.05	0.032	0.045	0.717
simadna_md_100	499930	499930	499930	44	0.01067	12.9	f	355	Chiroptera	Rhinolophidae	Rhinolophus_macrotis	best	68	0.1915	40	1.7000	650	39	613	0.03	+	4	7	42.9 (9.9,81.6)	25.0 (0.6,80.6)	N/A (N/A,N/A)	0.0 (0.0,97.5)	46.4	45.4	0.1	0.038	0.091	0.419
simadna_md_100	499930	499930	499930	48	0.006878	3.62	f	1372	Carnivora	Herpestidae	Herpestes_ichneumon	best	555	0.4045	227	2.4449	1797	222	1705	0.22	-	5	15	5.3 (0.6,17.7)	6.8 (1.9,16.5)	50.0 (1.3,98.7)	100.0 (2.5,100.0)	51.6	50.0	0.7	0.107	0.461	0.232
simadna_md_100	499930	499930	499930	6	0.001595	1.33	f	29	Lagomorpha	Leporidae	Lepus_townsendii	best	12	0.4137	10	1.2000	323	10	323	0.00	-	1	1	0.0 (0.0,97.5)	50.0 (1.3,98.7)	N/A (N/A,N/A)	N/A (N/A,N/A)	44.6	49.0	0.02	0.018	0.021	0.829
simadna_md_100	499930	499930	499930	78	0.008264	2.94	f	399	Carnivora	Eupleridae	Cryptoprocta_ferox	best	42	0.1052	37	1.1351	799	37	799	0.03	-	2	6	10.0 (0.3,44.5)	12.5 (0.3,52.7)	N/A (N/A,N/A)	0.0 (0.0,97.5)	46.5	43.5	0.1	0.047	0.085	0.552
simadna_md_100	499930	499930	499930	8	0.004659	1.12	f	252	Carnivora	Ursidae	Ursus_thibetanus_formosanus	best	20	0.0793	19	1.0526	644	18	606	0.01	-	3	4	50.0 (6.8,93.2)	66.7 (9.4,99.2)	100.0 (2.5,100.0)	100.0 (2.5,100.0)	39.4	42.0	0.04	0.037	0.037	0.995
simadna_md_100	499930	499930	499930	8	0.009721	1.62	f	1227	Carnivora	Felidae	Panthera_leo_persica	best	188	0.1532	146	1.2876	2372	140	2215	0.13	+	16	26	32.1 (15.9,52.4)	15.6 (6.5,29.5)	0.0 (0.0,84.2)	0.0 (0.0,70.8)	47.3	46.2	0.41	0.141	0.303	0.464
simadna_md_100	499930	499930	499930	8131	0.8752	339.0	f	201190	Carnivora	Hyaenidae	Crocuta_crocuta	best	196023	0.9743	30898	6.3441	16987	28840	16457	28.66	++	1387	2159	12.9 (12.1,13.8)	10.3 (9.6,11.1)	13.5 (8.7,19.7)	13.9 (8.9,20.3)	60.1	66.3	108.84	0.991	1.0	0.991
simadna_md_100	499930	499930	499930	88	0.01117	2.62	f	514	Carnivora	Viverridae	Viverricula_indica	best	139	0.2704	93	1.4946	1577	92	1542	0.09	-	9	11	20.0 (5.7,43.7)	23.8 (8.2,47.2)	0.0 (0.0,97.5)	0.0 (0.0,97.5)	43.6	44.5	0.24	0.095	0.193	0.49
simadna_md_100	499930	499930	499930	962	0.7012	28.5	f	18897	Proboscidea	Elephantidae	Mammuthus_primigenius	best	18892	0.9997	14274	1.3235	16449	14027	16262	13.94	++	850	1288	18.4 (17.0,20.0)	14.0 (12.7,15.3)	19.2 (11.2,29.7)	12.9 (7.4,20.4)	52.9	52.9	45.04	0.98	1.0	0.98
simadna_md_1000	4999212	4999212	4999212	11	0.002563	3.36	f	139	Primates	Indriidae	Propithecus_edwardsi	best	87	0.6258	35	2.4857	678	35	678	0.02	-	0	3	0.0 (0.0,97.5)	0.0 (0.0,45.9)	N/A (N/A,N/A)	N/A (N/A,N/A)	43.3	41.7	0.08	0.039	0.075	0.526
simadna_md_1000	4999212	4999212	4999212	11	0.00421	17.0	f	57	Primates	Lorisidae	Nycticebus_coucang_insularis	best	15	0.2631	7	2.1428	227	7	227	0.00	-	0	1	0.0 (0.0,84.2)	0.0 (0.0,97.5)	N/A (N/A,N/A)	N/A (N/A,N/A)	43.0	43.0	0.01	0.013	0.015	0.863
simadna_md_1000	4999212	4999212	4999212	1131	0.8243	247.0	f	189157	Proboscidea	Elephantidae	Mammuthus_primigenius	best	189847	1.0036	32134	5.9079	16450	31490	16304	20.33	++	1379	2109	12.4 (11.6,13.3)	10.5 (9.8,11.3)	14.7 (9.2,21.8)	12.1 (7.6,18.1)	60.1	65.4	115.09	0.98	1.0	0.98
simadna_md_1000	4999212	4999212	4999212	12	0.001371	10.7	f	269	Primates	Pitheciidae	Plecturocebus_donacophilus	best	76	0.2825	41	1.8536	580	33	509	0.02	-	2	3	10.0 (0.3,44.5)	11.1 (0.3,48.2)	N/A (N/A,N/A)	N/A (N/A,N/A)	44.7	56.0	0.11	0.035	0.093	0.376
simadna_md_1000	4999212	4999212	4999212	1271	0.8826	1060.0	f	621100	Artiodactyla	Suidae	Sus_scrofa_taivanus	best	627695	1.0106	31591	19.8694	16480	29948	16157	19.33	-	727	995	7.2 (6.6,7.9)	5.1 (4.5,5.7)	8.8 (3.3,18.2)	5.6 (2.1,11.7)	50.9	55.6	97.91	1.0	1.0	1.0
simadna_md_1000	4999212	4999212	4999212	129	0.01241	11.1	f	126	Artiodactyla	Tayassuidae	Pecari_tajacu	best	182	1.4444	66	2.7575	1056	60	950	0.03	-	4	10	14.3 (0.4,57.9)	25.0 (5.5,57.2)	N/A (N/A,N/A)	N/A (N/A,N/A)	48.6	44.5	0.18	0.062	0.153	0.408
simadna_md_1000	4999212	4999212	4999212	15	0.01305	7.53	f	4761	Artiodactyla	Cervidae	Muntiacus_reevesi_micrurus	best	2609	0.5479	876	2.9783	6084	819	5968	0.52	-	41	88	13.8 (9.2,19.6)	9.0 (5.1,14.4)	0.0 (0.0,84.2)	0.0 (0.0,70.8)	46.3	47.1	2.48	0.372	0.888	0.418
simadna_md_1000	4999212	4999212	4999212	1544	0.7307	76.2	f	45239	Primates	Hominidae	Homo_sapiens_neanderthalensis	best	45119	0.9973	23881	1.8893	16544	22760	16417	14.69	++	1496	2341	17.0 (16.0,18.1)	14.0 (13.0,15.0)	21.1 (15.5,27.5)	16.9 (12.3,22.3)	56.1	56.5	81.05	0.998	1.0	0.998
simadna_md_1000	4999212	4999212	4999212	17	0.003547	1.12	f	122	Primates	Hylobatidae	Nomascus_gabriellae	best	57	0.4672	37	1.5405	1193	33	1127	0.02	-	3	7	22.2 (2.8,60.0)	11.1 (0.3,48.2)	N/A (N/A,N/A)	N/A (N/A,N/A)	44.0	41.1	0.09	0.072	0.083	0.871
simadna_md_1000	4999212	4999212	4999212	18	0.003636	1.0	f	355	Primates	Atelidae	Alouatta_macconnelli	best	296	0.8338	76	3.8947	804	75	764	0.04	-	2	4	5.6 (0.1,27.3)	5.9 (0.1,28.7)	0.0 (0.0,97.5)	0.0 (0.0,97.5)	45.5	54.2	0.2	0.048	0.167	0.289
simadna_md_1000	4999212	4999212	4999212	189	0.02295	8.39	f	4292	Carnivora	Eupleridae	Fossa_fossana	best	1580	0.3681	407	3.8820	2972	401	2965	0.25	-	16	35	10.0 (4.9,17.6)	7.8 (3.2,15.4)	33.3 (0.8,90.6)	25.0 (0.6,80.6)	47.3	48.9	1.14	0.177	0.636	0.278
simadna_md_1000	4999212	4999212	4999212	19	0.002253	3.0	f	548	Primates	Cebidae	Saguinus_midas	best	467	0.8521	144	3.2430	1014	136	991	0.08	-	8	12	11.4 (3.2,26.7)	7.4 (2.1,17.9)	0.0 (0.0,84.2)	0.0 (0.0,97.5)	45.9	47.4	0.4	0.061	0.298	0.205
simadna_md_1000	4999212	4999212	4999212	20	0.01165	3.75	f	2364	Carnivora	Ursidae	Ursus_thibetanus_formosanus	best	524	0.2216	158	3.3164	2136	149	2064	0.09	-	4	9	9.4 (2.0,25.0)	3.3 (0.1,17.2)	N/A (N/A,N/A)	0.0 (0.0,97.5)	42.6	44.7	0.39	0.125	0.296	0.422
simadna_md_1000	4999212	4999212	4999212	21	0.002412	11.2	f	322	Rodentia	Spalacidae	Eospalax_rothschildi	best	89	0.2763	30	2.9666	451	30	451	0.01	-	2	2	0.0 (0.0,45.9)	20.0 (2.5,55.6)	N/A (N/A,N/A)	N/A (N/A,N/A)	41.3	44.5	0.07	0.027	0.064	0.427
simadna_md_1000	4999212	4999212	4999212	22	0.00313	6.45	f	194	Lagomorpha	Leporidae	Lepus_europaeus	best	102	0.5257	43	2.3720	791	41	731	0.02	-	1	2	0.0 (0.0,36.9)	7.7 (0.2,36.0)	N/A (N/A,N/A)	N/A (N/A,N/A)	42.7	49.5	0.1	0.044	0.087	0.511
simadna_md_1000	4999212	4999212	4999212	22	0.003615	16.2	f	147	Cingulata	Dasypodidae	Dasypus_novemcinctus	best	94	0.6394	46	2.0434	618	46	618	0.02	-	2	5	0.0 (0.0,19.5)	20.0 (2.5,55.6)	0.0 (0.0,97.5)	N/A (N/A,N/A)	47.4	42.6	0.12	0.036	0.106	0.34
simadna_md_1000	4999212	4999212	4999212	22	0.004233	7.32	f	350	Artiodactyla	Delphinidae	Lagenorhynchus_acutus	best	325	0.9285	119	2.7310	1083	106	1036	0.06	-	3	9	4.5 (0.1,22.8)	12.0 (2.5,31.2)	50.0 (1.3,98.7)	100.0 (2.5,100.0)	43.8	47.7	0.32	0.066	0.249	0.264
simadna_md_1000	4999212	4999212	4999212	23	0.001982	21.8	f	2278	Macroscelidea	Macroscelididae	Elephantulus_fuscipes	best	167	0.0733	47	3.5531	623	47	623	0.03	-	0	2	0.0 (0.0,30.8)	0.0 (0.0,33.6)	N/A (N/A,N/A)	N/A (N/A,N/A)	43.5	40.0	0.12	0.037	0.102	0.364
simadna_md_1000	4999212	4999212	4999212	24	0.005471	18.9	f	367	Primates	Lepilemuridae	Lepilemur_otto	best	346	0.9427	91	3.8021	700	91	700	0.05	-	9	17	24.0 (9.4,45.1)	15.0 (3.2,37.9)	N/A (N/A,N/A)	0.0 (0.0,84.2)	46.3	48.0	0.25	0.041	0.199	0.209
simadna_md_1000	4999212	4999212	4999212	25	0.003197	10.5	f	369	Primates	Lemuridae	Eulemur_macaco_macaco	best	326	0.8834	101	3.2277	745	101	745	0.06	-	4	10	5.0 (0.1,24.9)	15.0 (3.2,37.9)	N/A (N/A,N/A)	N/A (N/A,N/A)	44.7	50.7	0.26	0.043	0.206	0.209
simadna_md_1000	4999212	4999212	4999212	27	0.002706	6.56	f	180	Scandentia	Tupaiidae	Tupaia_montana	best	127	0.7055	50	2.5400	606	50	606	0.03	-	1	3	0.0 (0.0,30.8)	11.1 (0.3,48.2)	N/A (N/A,N/A)	N/A (N/A,N/A)	43.1	45.3	0.13	0.037	0.11	0.338
simadna_md_1000	4999212	4999212	4999212	29	0.006398	1.55	f	561	Rodentia	Echimyidae	Proechimys_cuvieri	best	243	0.4331	84	2.8928	1144	84	1144	0.05	-	4	5	15.8 (3.4,39.6)	5.9 (0.1,28.7)	0.0 (0.0,97.5)	0.0 (0.0,97.5)	45.9	38.6	0.22	0.068	0.183	0.371
simadna_md_1000	4999212	4999212	4999212	30	0.0173	716.0	f	13011	Carnivora	Felidae	Panthera_tigris_amoyensis	best	4583	0.3522	1045	4.3856	5072	1031	4985	0.66	-	26	77	7.7 (4.5,12.0)	4.1 (2.1,7.3)	50.0 (6.8,93.2)	33.3 (4.3,77.7)	46.5	45.7	2.86	0.298	0.92	0.324
simadna_md_1000	4999212	4999212	4999212	32	0.003618	15.1	f	6841	Rodentia	Muridae	Rattus_norvegicus	best	1885	0.2755	291	6.4776	2057	275	2017	0.17	-	9	20	14.3 (6.4,26.2)	1.7 (0.0,9.2)	N/A (N/A,N/A)	0.0 (0.0,97.5)	45.1	43.3	0.8	0.126	0.509	0.247
simadna_md_1000	4999212	4999212	4999212	33	0.006034	8.64	f	149	Primates	Tarsiidae	Tarsius_dentatus	best	181	1.2147	54	3.3518	643	54	643	0.03	-	1	3	6.2 (0.2,30.2)	0.0 (0.0,18.5)	N/A (N/A,N/A)	0.0 (0.0,97.5)	48.4	53.3	0.15	0.037	0.127	0.298
simadna_md_1000	4999212	4999212	4999212	34	0.003839	4.97	f	1432	Primates	Cercopithecidae	Macaca_sylvanus	best	831	0.5803	287	2.8954	2308	280	2263	0.18	-	20	41	12.2 (6.0,21.3)	14.9 (7.7,25.0)	50.0 (1.3,98.7)	100.0 (2.5,100.0)	45.9	48.2	0.79	0.139	0.504	0.275
simadna_md_1000	4999212	4999212	4999212	35	0.002714	7.69	f	230	Rodentia	Dipodidae	Sicista_concolor	best	78	0.3391	25	3.1200	272	25	272	0.01	-	2	3	0.0 (0.0,41.0)	15.4 (1.9,45.4)	0.0 (0.0,97.5)	N/A (N/A,N/A)	41.8	41.3	0.06	0.016	0.054	0.303
simadna_md_1000	4999212	4999212	4999212	35	0.005833	16.8	f	2700	Carnivora	Otariidae	Arctocephalus_townsendi	best	562	0.2081	173	3.2485	1631	155	1486	0.10	-	11	17	11.1 (3.1,26.1)	18.9 (8.0,35.2)	0.0 (0.0,84.2)	N/A (N/A,N/A)	47.3	48.9	0.49	0.098	0.355	0.277
simadna_md_1000	4999212	4999212	4999212	36	0.003084	13.4	f	348	Rodentia	Anomaluridae	Anomalurus_beecrofti	best	250	0.7183	60	4.1666	634	60	634	0.03	-	5	7	19.0 (5.4,41.9)	11.1 (0.3,48.2)	N/A (N/A,N/A)	0.0 (0.0,97.5)	46.1	44.4	0.16	0.037	0.135	0.278
simadna_md_1000	4999212	4999212	4999212	39	0.003747	6.21	f	6643	Chiroptera	Phyllostomidae	Anoura_caudifer	best	1348	0.2029	278	4.8489	2270	276	2236	0.17	-	10	23	7.5 (2.1,18.2)	11.1 (4.2,22.6)	0.0 (0.0,97.5)	0.0 (0.0,97.5)	46.5	49.8	0.78	0.137	0.498	0.275
simadna_md_1000	4999212	4999212	4999212	40	0.004009	12.1	f	1369	Pholidota	Manidae	Manis_crassicaudata	best	281	0.2052	110	2.5545	1358	110	1358	0.07	-	4	10	4.3 (0.1,21.9)	12.5 (2.7,32.4)	N/A (N/A,N/A)	N/A (N/A,N/A)	47.0	56.0	0.31	0.081	0.24	0.34
simadna_md_1000	4999212	4999212	4999212	41	0.003468	7.88	f	199	Dasyuromorphia	Dasyuridae	Sminthopsis_douglasi	best	144	0.7236	44	3.2727	406	44	406	0.02	-	4	11	18.2 (2.3,51.8)	18.2 (2.3,51.8)	0.0 (0.0,97.5)	N/A (N/A,N/A)	44.0	41.5	0.11	0.024	0.097	0.25
simadna_md_1000	4999212	4999212	4999212	42	0.004445	3.48	f	1042	Lagomorpha	Ochotonidae	Ochotona_erythrotis	best	57	0.0547	23	2.4782	488	23	488	0.01	-	2	4	20.0 (2.5,55.6)	0.0 (0.0,52.2)	N/A (N/A,N/A)	0.0 (0.0,97.5)	44.4	42.2	0.06	0.029	0.052	0.557
simadna_md_1000	4999212	4999212	4999212	42	0.006388	5.6	f	1002	Carnivora	Phocidae	Phoca_groenlandica	best	667	0.6656	158	4.2215	1463	154	1375	0.09	+	9	15	2.6 (0.1,13.5)	21.6 (9.8,38.2)	0.0 (0.0,84.2)	N/A (N/A,N/A)	46.7	44.3	0.44	0.088	0.324	0.272
simadna_md_1000	4999212	4999212	4999212	42	0.008662	11.9	f	159	Artiodactyla	Phocoenidae	Phocoena_sinus	best	103	0.6477	39	2.6410	715	39	715	0.02	-	2	3	25.0 (0.6,80.6)	9.1 (0.2,41.3)	N/A (N/A,N/A)	N/A (N/A,N/A)	39.6	37.0	0.09	0.043	0.08	0.546
simadna_md_1000	4999212	4999212	4999212	43	0.004908	3.3	f	562	Primates	Cheirogaleidae	Microcebus_griseorufus	best	251	0.4466	98	2.5612	1182	84	1156	0.05	+	9	17	18.8 (4.0,45.6)	33.3 (13.3,59.0)	0.0 (0.0,97.5)	N/A (N/A,N/A)	43.9	47.7	0.26	0.07	0.209	0.336
simadna_md_1000	4999212	4999212	4999212	44	0.004338	3.98	f	106	Pilosa	Megalonychidae	Acratocnus_ye	best	68	0.6415	25	2.7200	406	25	406	0.01	-	2	5	28.6 (3.7,71.0)	0.0 (0.0,70.8)	N/A (N/A,N/A)	N/A (N/A,N/A)	45.4	50.4	0.07	0.026	0.063	0.418
simadna_md_1000	4999212	4999212	4999212	44	0.004832	6.0	f	1195	Rodentia	Cricetidae	Peromyscus_crinitus	best	717	0.6000	206	3.4805	1442	205	1435	0.13	-	9	20	10.0 (2.8,23.7)	9.4 (3.1,20.7)	0.0 (0.0,97.5)	N/A (N/A,N/A)	47.2	50.9	0.58	0.086	0.403	0.214
simadna_md_1000	4999212	4999212	4999212	44	0.005535	6.16	f	1324	Eulipotyphla	Talpidae	Uropsilus_sp._4_FT-2015	best	325	0.2454	117	2.7777	1661	113	1605	0.07	-	2	5	0.0 (0.0,13.2)	6.9 (0.8,22.8)	N/A (N/A,N/A)	N/A (N/A,N/A)	46.6	43.6	0.33	0.1	0.253	0.395
simadna_md_1000	4999212	4999212	4999212	44	0.007207	8.52	f	305	Artiodactyla	Balaenopteridae	Balaenoptera_omurai	best	282	0.9245	113	2.4955	1467	96	1429	0.06	-	6	16	17.4 (5.0,38.8)	8.7 (1.1,28.0)	N/A (N/A,N/A)	0.0 (0.0,97.5)	45.6	47.9	0.31	0.089	0.244	0.365
simadna_md_1000	4999212	4999212	4999212	45	0.006004	11.1	f	5938	Carnivora	Mustelidae	Mustela_kathiah	best	2833	0.4770	426	6.6502	2959	425	2914	0.27	+	25	42	16.5 (9.7,25.4)	8.1 (3.8,14.8)	0.0 (0.0,84.2)	0.0 (0.0,52.2)	45.2	45.8	1.16	0.178	0.642	0.278
simadna_md_1000	4999212	4999212	4999212	46	0.005148	11.0	f	471	Artiodactyla	Tragulidae	Tragulus_kanchil	best	176	0.3736	53	3.3207	891	53	891	0.03	-	1	5	9.1 (0.2,41.3)	0.0 (0.0,26.5)	N/A (N/A,N/A)	0.0 (0.0,97.5)	43.2	49.8	0.13	0.054	0.116	0.469
simadna_md_1000	4999212	4999212	4999212	46	0.005708	11.4	f	4655	Eulipotyphla	Soricidae	Sorex_roboratus	best	619	0.1329	198	3.1262	2378	190	2367	0.12	-	10	24	4.4 (0.5,15.1)	17.8 (8.0,32.1)	0.0 (0.0,97.5)	0.0 (0.0,97.5)	45.0	41.4	0.51	0.138	0.366	0.378
simadna_md_1000	4999212	4999212	4999212	47	0.005741	11.7	f	4276	Chiroptera	Vespertilionidae	Myotis_aurascens	best	1407	0.3290	362	3.8867	2578	320	2336	0.20	-	19	40	16.7 (7.9,29.3)	13.3 (6.6,23.2)	0.0 (0.0,97.5)	0.0 (0.0,97.5)	44.3	45.5	0.97	0.153	0.577	0.266
simadna_md_1000	4999212	4999212	4999212	49	0.005046	5.63	f	1497	Rodentia	Sciuridae	Sundasciurus_lowii	best	987	0.6593	285	3.4631	2300	265	2223	0.17	-	15	32	14.0 (5.8,26.7)	12.1 (5.4,22.5)	0.0 (0.0,97.5)	N/A (N/A,N/A)	44.9	46.0	0.8	0.141	0.508	0.277
simadna_md_1000	4999212	4999212	4999212	49	0.005452	302.0	f	3457	Chiroptera	Pteropodidae	Rousettus_lanosus	best	2523	0.7298	188	13.4202	1537	188	1537	0.12	-	4	16	2.7 (0.1,14.2)	7.1 (1.5,19.5)	N/A (N/A,N/A)	0.0 (0.0,97.5)	44.3	44.1	0.49	0.091	0.354	0.258
simadna_md_1000	4999212	4999212	4999212	53	0.004333	10.1	f	89	Rodentia	Gliridae	Glis_glis	best	73	0.8202	18	4.0555	223	18	223	0.01	-	1	2	N/A (N/A,N/A)	16.7 (0.4,64.1)	N/A (N/A,N/A)	N/A (N/A,N/A)	46.9	57.0	0.05	0.013	0.043	0.305
simadna_md_1000	4999212	4999212	4999212	53	0.004556	8.62	f	99	Didelphimorphia	Didelphidae	Tlacuatzin_canescens	best	46	0.4646	24	1.9166	494	23	459	0.01	-	2	3	0.0 (0.0,60.2)	25.0 (3.2,65.1)	N/A (N/A,N/A)	N/A (N/A,N/A)	46.9	53.3	0.06	0.03	0.057	0.517
simadna_md_1000	4999212	4999212	4999212	53	0.004566	12.0	f	182	Rodentia	Heteromyidae	Dipodomys_spectabilis	best	129	0.7087	54	2.3888	684	54	684	0.03	-	4	12	5.6 (0.1,27.3)	20.0 (4.3,48.1)	0.0 (0.0,97.5)	N/A (N/A,N/A)	43.2	44.5	0.14	0.042	0.118	0.353
simadna_md_1000	4999212	4999212	4999212	53	0.008015	8.92	f	432	Artiodactyla	Ziphiidae	Mesoplodon_bidens	best	288	0.6666	110	2.6181	1143	106	1127	0.06	-	5	11	3.4 (0.1,17.8)	30.8 (9.1,61.4)	N/A (N/A,N/A)	N/A (N/A,N/A)	46.0	43.5	0.31	0.069	0.244	0.285
simadna_md_1000	4999212	4999212	4999212	54	0.005825	7.11	f	289	Artiodactyla	Camelidae	Camelus_dromedarius	best	299	1.0346	96	3.1145	881	96	881	0.06	-	7	10	9.5 (1.2,30.4)	17.9 (6.1,36.9)	0.0 (0.0,84.2)	0.0 (0.0,97.5)	46.8	54.3	0.26	0.052	0.212	0.249
simadna_md_1000	4999212	4999212	4999212	54	0.006189	15.6	f	2643	Carnivora	Canidae	Vulpes_lagopus	best	543	0.2054	165	3.2909	1765	162	1709	0.10	-	7	10	12.1 (3.4,28.2)	8.3 (1.8,22.5)	0.0 (0.0,97.5)	N/A (N/A,N/A)	50.0	43.5	0.49	0.105	0.353	0.299
simadna_md_1000	4999212	4999212	4999212	55	0.00586	10.9	f	69	Diprotodontia	Phalangeridae	Phalanger_vestitus	best	35	0.5072	13	2.6923	228	11	185	0.00	-	1	1	0.0 (0.0,97.5)	25.0 (0.6,80.6)	N/A (N/A,N/A)	N/A (N/A,N/A)	41.0	42.0	0.03	0.014	0.03	0.495
simadna_md_1000	4999212	4999212	4999212	56	0.01358	95.9	f	3500	Chiroptera	Rhinolophidae	Rhinolophus_macrotis	best	1016	0.2902	204	4.9803	1677	203	1642	0.13	-	9	16	15.8 (6.0,31.3)	6.5 (1.4,17.9)	0.0 (0.0,97.5)	0.0 (0.0,84.2)	47.5	45.9	0.57	0.099	0.397	0.25
simadna_md_1000	4999212	4999212	4999212	59	0.01385	15.1	f	202	Artiodactyla	Giraffidae	Giraffa_camelopardalis	best	235	1.1633	84	2.7976	892	84	892	0.05	-	5	11	22.2 (6.4,47.6)	10.5 (1.3,33.1)	100.0 (2.5,100.0)	100.0 (2.5,100.0)	44.2	48.1	0.22	0.054	0.18	0.3
simadna_md_1000	4999212	4999212	4999212	594	0.3276	111.0	f	1238378	Artiodactyla	Bovidae	Bos_indicus	best	1243065	1.0037	31628	39.3026	16331	30422	16207	19.64	-	666	1185	6.3 (5.7,6.9)	4.8 (4.3,5.4)	6.5 (1.8,15.7)	4.7 (1.3,11.5)	47.5	50.9	92.09	0.999	1.0	0.999
simadna_md_1000	4999212	4999212	4999212	67	0.005844	12.2	f	2102	Cingulata	Chlamyphoridae	Chlamyphorus_truncatus	best	223	0.1060	67	3.3283	1109	65	1094	0.04	-	2	8	0.0 (0.0,33.6)	11.1 (1.4,34.7)	N/A (N/A,N/A)	N/A (N/A,N/A)	41.1	41.5	0.17	0.068	0.139	0.488
simadna_md_1000	4999212	4999212	4999212	67	0.006587	10.0	f	153	Chiroptera	Hipposideridae	Hipposideros_pomona	best	220	1.4379	65	3.3846	650	65	650	0.04	-	3	5	12.5 (1.6,38.3)	5.9 (0.1,28.7)	N/A (N/A,N/A)	0.0 (0.0,97.5)	48.0	41.2	0.18	0.038	0.151	0.255
simadna_md_1000	4999212	4999212	4999212	70	0.005672	11.1	f	312	Eulipotyphla	Erinaceidae	Neohylomys_hainanensis	best	150	0.4807	62	2.4193	583	60	536	0.03	-	1	3	7.7 (0.2,36.0)	0.0 (0.0,45.9)	N/A (N/A,N/A)	N/A (N/A,N/A)	48.2	51.3	0.17	0.033	0.139	0.239
simadna_md_1000	4999212	4999212	4999212	74	0.009019	14.0	f	473	Perissodactyla	Rhinocerotidae	Rhinoceros_sondaicus	best	415	0.8773	118	3.5169	1426	117	1415	0.07	-	2	7	3.7 (0.1,19.0)	5.9 (0.1,28.7)	N/A (N/A,N/A)	N/A (N/A,N/A)	45.7	44.0	0.32	0.086	0.251	0.345
simadna_md_1000	4999212	4999212	4999212	75	0.007003	67.3	f	878	Carnivora	Mephitidae	Mydaus_javanensis	best	653	0.7437	148	4.4121	1041	148	1041	0.09	-	2	6	2.9 (0.1,14.9)	3.7 (0.1,19.0)	N/A (N/A,N/A)	N/A (N/A,N/A)	49.0	58.7	0.44	0.063	0.323	0.196
simadna_md_1000	4999212	4999212	4999212	79	0.0112	154.0	f	5596	Carnivora	Viverridae	Genetta_genetta	best	1894	0.3384	436	4.3440	3230	434	3184	0.28	-	10	36	8.7 (3.8,16.4)	2.2 (0.3,7.6)	N/A (N/A,N/A)	0.0 (0.0,84.2)	45.6	47.9	1.18	0.191	0.647	0.295
simadna_md_1000	4999212	4999212	4999212	82	0.00815	11.9	f	202	Carnivora	Procyonidae	Procyon_lotor	best	149	0.7376	61	2.4426	882	55	799	0.03	-	3	4	33.3 (7.5,70.1)	0.0 (0.0,36.9)	N/A (N/A,N/A)	N/A (N/A,N/A)	45.3	50.5	0.16	0.053	0.134	0.395
simadna_md_1000	4999212	4999212	4999212	83	0.01771	12.3	f	327	Artiodactyla	Moschidae	Moschus_moschiferus	best	444	1.3577	167	2.6586	1715	162	1662	0.10	-	12	25	10.5 (2.9,24.8)	19.0 (8.6,34.1)	0.0 (0.0,97.5)	0.0 (0.0,97.5)	50.2	44.6	0.51	0.104	0.363	0.288
simadna_md_1000	4999212	4999212	4999212	8495	0.9144	3240.0	f	2008130	Carnivora	Hyaenidae	Crocuta_crocuta	best	2008255	1.0000	32654	61.5010	17018	30769	16467	19.86	-	414	642	3.8 (3.4,4.3)	2.5 (2.2,2.9)	2.8 (0.1,14.5)	1.8 (0.0,9.6)	46.2	51.6	88.53	0.992	1.0	0.992
simadna_md_1000	4999212	4999212	4999212	88	0.01261	17.5	f	13599	Carnivora	Herpestidae	Herpestes_ichneumon	best	6891	0.5067	742	9.2870	4168	709	3939	0.45	-	25	60	10.3 (5.7,16.7)	5.8 (2.9,10.1)	0.0 (0.0,97.5)	0.0 (0.0,52.2)	46.9	48.5	2.07	0.248	0.839	0.295
simadna_md_1000	4999212	4999212	4999212	9	0.004473	10.4	f	427	Perissodactyla	Equidae	Equus_zebra_hartmannae	best	222	0.5199	71	3.1267	940	71	940	0.04	-	4	4	4.8 (0.1,23.8)	16.7 (3.6,41.4)	0.0 (0.0,84.2)	N/A (N/A,N/A)	42.8	39.5	0.18	0.057	0.15	0.379
