RG	RawReads	ReadsL35	FinalNoPCRDups	AvrgTimesSeen	Family	Species	ReadsMapped	ReadsDeduped	Ancientness	ReadsDeam1Term	ReadsDeam3Term	Deam5_95CI	Deam3_95CI	Deam5Cond_95CI	Deam3Cond_95CI	MeanFragmentLength	MeanFragmentLength_Deam
simadna.fq	499908	499908	499898	 1.0	Bovidae	Addax_nasomaculatus	52	52	-	1	2	16.7 (0.4,64.1)	0.0 (0.0,28.5)	N/A (N/A,N/A)	N/A (N/A,N/A)	44.8	38.0
simadna.fq	499908	499908	499898	 1.0	Bovidae	Aepyceros_melampus	49	49	-	1	1	9.1 (0.2,41.3)	0.0 (0.0,41.0)	N/A (N/A,N/A)	N/A (N/A,N/A)	48.0	51.0
simadna.fq	499908	499908	499898	 1.0	Bovidae	Alcelaphus_buselaphus	54	54	-	2	3	8.3 (0.2,38.5)	12.5 (0.3,52.7)	N/A (N/A,N/A)	N/A (N/A,N/A)	44.0	40.3
simadna.fq	499908	499908	499898	 1.0	Bovidae	Ammotragus_lervia	52	52	-	1	4	9.1 (0.2,41.3)	0.0 (0.0,28.5)	N/A (N/A,N/A)	N/A (N/A,N/A)	44.4	40.2
simadna.fq	499908	499908	499898	 1.0	Bovidae	Antidorcas_marsupialis	41	41	-	0	2	0.0 (0.0,30.8)	0.0 (0.0,30.8)	N/A (N/A,N/A)	N/A (N/A,N/A)	44.2	43.5
simadna.fq	499908	499908	499898	 1.0	Bovidae	Antilope_cervicapra	59	59	-	2	6	7.1 (0.2,33.9)	7.7 (0.2,36.0)	0.0 (0.0,97.5)	0.0 (0.0,97.5)	44.3	44.8
simadna.fq	499908	499908	499898	 1.0	Bovidae	Arabitragus_jayakari	45	45	-	0	0	0.0 (0.0,33.6)	0.0 (0.0,30.8)	N/A (N/A,N/A)	N/A (N/A,N/A)	46.5	N/A
simadna.fq	499908	499908	499898	 1.0	Bovidae	Beatragus_hunteri	58	58	-	3	3	16.7 (2.1,48.4)	6.2 (0.2,30.2)	N/A (N/A,N/A)	0.0 (0.0,97.5)	45.8	44.0
simadna.fq	499908	499908	499898	 1.0	Bovidae	Bison_bison	601	595	-	10	29	2.8 (0.8,7.0)	5.2 (1.9,11.0)	N/A (N/A,N/A)	0.0 (0.0,97.5)	49.6	51.8
simadna.fq	499908	499908	499898	 1.0	Bovidae	Bison_bonasus	685	678	-	9	26	4.2 (1.7,8.5)	1.6 (0.2,5.7)	N/A (N/A,N/A)	N/A (N/A,N/A)	50.1	47.1
simadna.fq	499908	499908	499898	 1.0	Bovidae	Bison_priscus	621	616	-	11	30	3.4 (1.1,7.7)	5.0 (1.9,10.6)	N/A (N/A,N/A)	0.0 (0.0,97.5)	49.6	51.5
simadna.fq	499908	499908	499898	 1.0	Bovidae	Bison_schoetensacki	697	687	-	9	28	4.3 (1.8,8.8)	1.5 (0.2,5.4)	0.0 (0.0,97.5)	0.0 (0.0,97.5)	50.6	51.6
simadna.fq	499908	499908	499898	 1.0	Bovidae	Bootherium_bombifrons	50	50	-	1	4	0.0 (0.0,36.9)	8.3 (0.2,38.5)	N/A (N/A,N/A)	N/A (N/A,N/A)	43.4	42.2
simadna.fq	499908	499908	499898	 1.0	Bovidae	Bos_frontalis	539	532	-	8	34	3.1 (0.9,7.9)	4.5 (1.3,11.2)	N/A (N/A,N/A)	N/A (N/A,N/A)	49.7	52.8
simadna.fq	499908	499908	499898	 1.0	Bovidae	Bos_gaurus	537	530	-	8	32	2.5 (0.5,7.1)	5.5 (1.8,12.4)	0.0 (0.0,97.5)	N/A (N/A,N/A)	49.6	51.2
simadna.fq	499908	499908	499898	 1.0	Bovidae	Bos_grunniens	546	541	-	13	33	3.2 (0.9,8.1)	8.8 (4.1,16.1)	0.0 (0.0,84.2)	N/A (N/A,N/A)	49.2	46.9
simadna.fq	499908	499908	499898	 1.0	Bovidae	Bos_grunniens_x_Bos_taurus	547	542	-	11	27	3.2 (0.9,8.1)	6.9 (2.8,13.8)	0.0 (0.0,84.2)	N/A (N/A,N/A)	49.2	47.3
simadna.fq	499908	499908	499898	 1.0	Bovidae	Bos_indicus	1112	1092	-	9	22	2.1 (0.7,4.8)	1.8 (0.5,4.5)	0.0 (0.0,97.5)	0.0 (0.0,97.5)	51.9	52.7
simadna.fq	499908	499908	499898	 1.0	Bovidae	Bos_javanicus	1145	1125	-	3	4	0.8 (0.1,2.9)	0.4 (0.0,2.4)	N/A (N/A,N/A)	N/A (N/A,N/A)	51.9	58.0
simadna.fq	499908	499908	499898	 1.0	Bovidae	Bos_mutus	575	568	-	12	31	3.1 (0.9,7.8)	7.5 (3.3,14.2)	0.0 (0.0,84.2)	N/A (N/A,N/A)	49.4	47.3
simadna.fq	499908	499908	499898	 1.0	Bovidae	Bos_primigenius	1142	1122	-	3	4	0.4 (0.0,2.3)	0.9 (0.1,3.1)	0.0 (0.0,97.5)	N/A (N/A,N/A)	51.9	52.5
simadna.fq	499908	499908	499898	 1.0	Bovidae	Bos_taurus	1144	1124	-	1	2	0.4 (0.0,2.2)	0.0 (0.0,1.6)	N/A (N/A,N/A)	N/A (N/A,N/A)	51.9	71.5
simadna.fq	499908	499908	499898	 1.0	Bovidae	Boselaphus_tragocamelus	65	65	-	1	3	7.7 (0.2,36.0)	0.0 (0.0,23.2)	N/A (N/A,N/A)	N/A (N/A,N/A)	44.6	43.3
simadna.fq	499908	499908	499898	 1.0	Bovidae	Bubalus_arnee	102	101	-	1	4	0.0 (0.0,12.8)	5.3 (0.1,26.0)	N/A (N/A,N/A)	N/A (N/A,N/A)	45.7	41.2
simadna.fq	499908	499908	499898	 1.0	Bovidae	Bubalus_bubalis	110	109	-	1	6	0.0 (0.0,12.3)	4.8 (0.1,23.8)	N/A (N/A,N/A)	N/A (N/A,N/A)	46.3	47.0
simadna.fq	499908	499908	499898	 1.0	Bovidae	Bubalus_carabanensis	94	92	-	1	4	0.0 (0.0,13.2)	5.6 (0.1,27.3)	N/A (N/A,N/A)	N/A (N/A,N/A)	45.1	42.0
simadna.fq	499908	499908	499898	 1.0	Bovidae	Bubalus_depressicornis	99	99	-	0	2	0.0 (0.0,14.2)	0.0 (0.0,18.5)	N/A (N/A,N/A)	N/A (N/A,N/A)	45.5	42.0
simadna.fq	499908	499908	499898	 1.0	Bovidae	Bubalus_quarlesi	74	74	-	1	3	0.0 (0.0,17.6)	7.7 (0.2,36.0)	N/A (N/A,N/A)	N/A (N/A,N/A)	45.6	42.0
simadna.fq	499908	499908	499898	 1.0	Bovidae	Budorcas_taxicolor	42	42	-	2	2	12.5 (0.3,52.7)	8.3 (0.2,38.5)	N/A (N/A,N/A)	N/A (N/A,N/A)	44.1	38.5
simadna.fq	499908	499908	499898	 1.0	Bovidae	Budorcas_taxicolor_taxicolor	39	39	-	3	4	22.2 (2.8,60.0)	11.1 (0.3,48.2)	N/A (N/A,N/A)	N/A (N/A,N/A)	44.3	40.8
simadna.fq	499908	499908	499898	 1.0	Bovidae	Budorcas_taxicolor_tibetana	42	42	-	2	2	12.5 (0.3,52.7)	8.3 (0.2,38.5)	N/A (N/A,N/A)	N/A (N/A,N/A)	44.1	38.5
simadna.fq	499908	499908	499898	 1.0	Bovidae	Capra_aegagrus	44	44	-	0	2	0.0 (0.0,52.2)	0.0 (0.0,30.8)	N/A (N/A,N/A)	N/A (N/A,N/A)	44.7	43.0
simadna.fq	499908	499908	499898	 1.0	Bovidae	Capra_caucasica	46	46	-	1	3	9.1 (0.2,41.3)	0.0 (0.0,30.8)	N/A (N/A,N/A)	0.0 (0.0,97.5)	43.3	39.3
simadna.fq	499908	499908	499898	 1.0	Bovidae	Capra_falconeri	40	40	-	1	3	12.5 (0.3,52.7)	0.0 (0.0,30.8)	N/A (N/A,N/A)	0.0 (0.0,97.5)	43.4	39.3
simadna.fq	499908	499908	499898	 1.0	Bovidae	Capra_hircus	37	37	-	0	2	0.0 (0.0,60.2)	0.0 (0.0,36.9)	N/A (N/A,N/A)	N/A (N/A,N/A)	45.1	43.0
simadna.fq	499908	499908	499898	 1.0	Bovidae	Capra_ibex	41	40	-	0	0	0.0 (0.0,28.5)	0.0 (0.0,28.5)	N/A (N/A,N/A)	N/A (N/A,N/A)	44.1	N/A
simadna.fq	499908	499908	499898	 1.0	Bovidae	Capra_nubiana	60	60	-	0	2	0.0 (0.0,26.5)	0.0 (0.0,28.5)	N/A (N/A,N/A)	N/A (N/A,N/A)	44.1	45.0
simadna.fq	499908	499908	499898	 1.0	Bovidae	Capra_pyrenaica	53	52	-	0	1	0.0 (0.0,26.5)	0.0 (0.0,26.5)	N/A (N/A,N/A)	N/A (N/A,N/A)	44.3	48.0
simadna.fq	499908	499908	499898	 1.0	Bovidae	Capra_sibirica	60	60	-	0	3	0.0 (0.0,24.7)	0.0 (0.0,24.7)	N/A (N/A,N/A)	N/A (N/A,N/A)	45.2	41.0
simadna.fq	499908	499908	499898	 1.0	Bovidae	Capricornis_crispus	36	36	-	1	3	0.0 (0.0,36.9)	12.5 (0.3,52.7)	N/A (N/A,N/A)	N/A (N/A,N/A)	43.9	42.0
simadna.fq	499908	499908	499898	 1.0	Bovidae	Capricornis_milneedwardsii	37	37	-	0	3	0.0 (0.0,36.9)	0.0 (0.0,23.2)	N/A (N/A,N/A)	N/A (N/A,N/A)	43.9	42.0
simadna.fq	499908	499908	499898	 1.0	Bovidae	Capricornis_rubidus	42	42	-	1	4	0.0 (0.0,33.6)	6.7 (0.2,31.9)	N/A (N/A,N/A)	N/A (N/A,N/A)	43.7	42.8
simadna.fq	499908	499908	499898	 1.0	Bovidae	Capricornis_sp._YZ-2016	33	33	-	1	3	0.0 (0.0,45.9)	7.1 (0.2,33.9)	N/A (N/A,N/A)	N/A (N/A,N/A)	44.2	40.3
simadna.fq	499908	499908	499898	 1.0	Bovidae	Capricornis_sumatraensis	34	34	-	0	2	0.0 (0.0,41.0)	0.0 (0.0,24.7)	N/A (N/A,N/A)	N/A (N/A,N/A)	44.3	38.0
simadna.fq	499908	499908	499898	 1.0	Bovidae	Capricornis_swinhoei	36	36	-	1	2	0.0 (0.0,41.0)	7.1 (0.2,33.9)	N/A (N/A,N/A)	N/A (N/A,N/A)	43.2	41.0
simadna.fq	499908	499908	499898	 1.0	Bovidae	Cephalophorus_callipygus	46	46	-	3	4	27.3 (6.0,61.0)	0.0 (0.0,41.0)	N/A (N/A,N/A)	N/A (N/A,N/A)	46.0	42.5
simadna.fq	499908	499908	499898	 1.0	Bovidae	Cephalophorus_leucogaster	55	55	-	2	3	5.9 (0.1,28.7)	16.7 (0.4,64.1)	0.0 (0.0,97.5)	N/A (N/A,N/A)	45.5	46.7
simadna.fq	499908	499908	499898	 1.0	Bovidae	Cephalophorus_natalensis	58	58	-	1	3	5.6 (0.1,27.3)	0.0 (0.0,30.8)	N/A (N/A,N/A)	N/A (N/A,N/A)	45.9	46.7
simadna.fq	499908	499908	499898	 1.0	Bovidae	Cephalophorus_nigrifrons	48	47	-	0	1	0.0 (0.0,23.2)	0.0 (0.0,52.2)	N/A (N/A,N/A)	N/A (N/A,N/A)	44.7	46.0
simadna.fq	499908	499908	499898	 1.0	Bovidae	Cephalophorus_ogilbyi	50	50	-	1	1	7.7 (0.2,36.0)	0.0 (0.0,36.9)	N/A (N/A,N/A)	N/A (N/A,N/A)	45.7	43.0
simadna.fq	499908	499908	499898	 1.0	Bovidae	Cephalophorus_rufilatus	51	50	-	0	1	0.0 (0.0,23.2)	0.0 (0.0,52.2)	N/A (N/A,N/A)	N/A (N/A,N/A)	45.1	46.0
simadna.fq	499908	499908	499898	 1.0	Bovidae	Cephalophus_dorsalis	56	55	-	2	3	7.1 (0.2,33.9)	7.1 (0.2,33.9)	N/A (N/A,N/A)	N/A (N/A,N/A)	45.4	41.0
simadna.fq	499908	499908	499898	 1.0	Bovidae	Cephalophus_jentinki	52	52	-	1	2	7.1 (0.2,33.9)	0.0 (0.0,26.5)	N/A (N/A,N/A)	N/A (N/A,N/A)	45.0	41.5
simadna.fq	499908	499908	499898	 1.0	Bovidae	Cephalophus_silvicultor	58	58	-	1	2	7.1 (0.2,33.9)	0.0 (0.0,20.6)	N/A (N/A,N/A)	N/A (N/A,N/A)	43.9	41.5
simadna.fq	499908	499908	499898	 1.0	Bovidae	Cephalophus_spadix	58	58	-	1	3	8.3 (0.2,38.5)	0.0 (0.0,23.2)	N/A (N/A,N/A)	N/A (N/A,N/A)	46.2	42.0
simadna.fq	499908	499908	499898	 1.0	Bovidae	Connochaetes_gnou	63	63	-	3	6	0.0 (0.0,24.7)	25.0 (5.5,57.2)	N/A (N/A,N/A)	N/A (N/A,N/A)	43.6	42.8
simadna.fq	499908	499908	499898	 1.0	Bovidae	Connochaetes_taurinus	64	64	-	4	6	13.3 (1.7,40.5)	17.6 (3.8,43.4)	100.0 (2.5,100.0)	50.0 (1.3,98.7)	44.7	43.0
simadna.fq	499908	499908	499898	 1.0	Bovidae	Damaliscus_lunatus	48	48	-	3	4	9.1 (0.2,41.3)	15.4 (1.9,45.4)	N/A (N/A,N/A)	N/A (N/A,N/A)	44.1	42.0
simadna.fq	499908	499908	499898	 1.0	Bovidae	Damaliscus_pygargus	50	50	-	2	2	9.1 (0.2,41.3)	11.1 (0.3,48.2)	N/A (N/A,N/A)	N/A (N/A,N/A)	44.0	39.5
simadna.fq	499908	499908	499898	 1.0	Bovidae	Dorcatragus_megalotis	57	56	-	0	2	0.0 (0.0,26.5)	0.0 (0.0,41.0)	N/A (N/A,N/A)	N/A (N/A,N/A)	46.4	57.5
simadna.fq	499908	499908	499898	 1.0	Bovidae	Eudorcas_rufifrons	48	48	-	0	4	0.0 (0.0,26.5)	0.0 (0.0,28.5)	N/A (N/A,N/A)	N/A (N/A,N/A)	44.5	46.8
simadna.fq	499908	499908	499898	 1.0	Bovidae	Eudorcas_thomsonii	42	42	-	0	1	0.0 (0.0,30.8)	0.0 (0.0,33.6)	N/A (N/A,N/A)	N/A (N/A,N/A)	43.5	44.0
simadna.fq	499908	499908	499898	 1.0	Bovidae	Gazella_bennettii	70	69	-	0	3	0.0 (0.0,16.1)	0.0 (0.0,17.6)	N/A (N/A,N/A)	N/A (N/A,N/A)	45.5	46.7
simadna.fq	499908	499908	499898	 1.0	Bovidae	Gazella_cuvieri	44	44	-	0	0	0.0 (0.0,24.7)	0.0 (0.0,36.9)	N/A (N/A,N/A)	N/A (N/A,N/A)	44.1	N/A
simadna.fq	499908	499908	499898	 1.0	Bovidae	Gazella_dorcas	52	51	-	0	0	0.0 (0.0,24.7)	0.0 (0.0,24.7)	N/A (N/A,N/A)	N/A (N/A,N/A)	46.2	N/A
simadna.fq	499908	499908	499898	 1.0	Bovidae	Gazella_erlangeri	51	50	-	1	2	0.0 (0.0,24.7)	8.3 (0.2,38.5)	N/A (N/A,N/A)	N/A (N/A,N/A)	44.9	44.5
simadna.fq	499908	499908	499898	 1.0	Bovidae	Gazella_gazella	50	49	-	1	2	0.0 (0.0,23.2)	8.3 (0.2,38.5)	N/A (N/A,N/A)	N/A (N/A,N/A)	44.9	44.5
simadna.fq	499908	499908	499898	 1.0	Bovidae	Gazella_leptoceros	46	46	-	0	0	0.0 (0.0,26.5)	0.0 (0.0,33.6)	N/A (N/A,N/A)	N/A (N/A,N/A)	43.5	N/A
simadna.fq	499908	499908	499898	 1.0	Bovidae	Gazella_spekei	53	52	-	1	3	0.0 (0.0,23.2)	7.7 (0.2,36.0)	N/A (N/A,N/A)	N/A (N/A,N/A)	45.4	45.7
simadna.fq	499908	499908	499898	 1.0	Bovidae	Gazella_subgutturosa	63	63	-	0	3	0.0 (0.0,17.6)	0.0 (0.0,23.2)	N/A (N/A,N/A)	N/A (N/A,N/A)	44.9	46.3
simadna.fq	499908	499908	499898	 1.0	Bovidae	Hemitragus_jemlahicus	50	50	-	0	3	0.0 (0.0,36.9)	0.0 (0.0,21.8)	N/A (N/A,N/A)	N/A (N/A,N/A)	44.6	40.0
simadna.fq	499908	499908	499898	 1.0	Bovidae	Hippotragus_equinus	65	65	-	0	1	0.0 (0.0,26.5)	0.0 (0.0,19.5)	N/A (N/A,N/A)	N/A (N/A,N/A)	46.5	53.0
simadna.fq	499908	499908	499898	 1.0	Bovidae	Hippotragus_leucophaeus	46	46	-	0	0	0.0 (0.0,30.8)	0.0 (0.0,41.0)	N/A (N/A,N/A)	N/A (N/A,N/A)	44.2	N/A
simadna.fq	499908	499908	499898	 1.0	Bovidae	Hippotragus_niger	63	63	-	2	3	11.8 (1.5,36.4)	0.0 (0.0,21.8)	N/A (N/A,N/A)	N/A (N/A,N/A)	47.3	46.7
simadna.fq	499908	499908	499898	 1.0	Bovidae	Hippotragus_niger_niger	56	56	-	2	3	13.3 (1.7,40.5)	0.0 (0.0,24.7)	N/A (N/A,N/A)	N/A (N/A,N/A)	47.8	46.7
simadna.fq	499908	499908	499898	 1.0	Bovidae	Hippotragus_niger_roosevelti	59	59	-	1	3	6.7 (0.2,31.9)	0.0 (0.0,20.6)	N/A (N/A,N/A)	N/A (N/A,N/A)	48.0	44.7
simadna.fq	499908	499908	499898	 1.0	Bovidae	Hippotragus_niger_variani	64	64	-	2	3	12.5 (1.6,38.3)	0.0 (0.0,20.6)	N/A (N/A,N/A)	N/A (N/A,N/A)	47.0	46.7
simadna.fq	499908	499908	499898	 1.0	Bovidae	Kobus_ellipsiprymnus	43	43	-	0	1	0.0 (0.0,41.0)	0.0 (0.0,30.8)	N/A (N/A,N/A)	N/A (N/A,N/A)	49.6	48.0
simadna.fq	499908	499908	499898	 1.0	Bovidae	Kobus_leche	57	57	-	1	4	6.2 (0.2,30.2)	0.0 (0.0,23.2)	N/A (N/A,N/A)	N/A (N/A,N/A)	48.4	43.8
simadna.fq	499908	499908	499898	 1.0	Bovidae	Leucocephalophus_adersi	65	64	-	1	2	5.6 (0.1,27.3)	0.0 (0.0,20.6)	N/A (N/A,N/A)	N/A (N/A,N/A)	46.3	41.0
simadna.fq	499908	499908	499898	 1.0	Bovidae	Litocranius_walleri	61	61	-	0	0	0.0 (0.0,24.7)	0.0 (0.0,26.5)	N/A (N/A,N/A)	N/A (N/A,N/A)	45.5	N/A
simadna.fq	499908	499908	499898	 1.0	Bovidae	Madoqua_kirkii	35	34	-	0	1	0.0 (0.0,33.6)	0.0 (0.0,52.2)	N/A (N/A,N/A)	N/A (N/A,N/A)	43.9	41.0
simadna.fq	499908	499908	499898	 1.0	Bovidae	Madoqua_saltiana	39	38	-	0	1	0.0 (0.0,41.0)	0.0 (0.0,52.2)	N/A (N/A,N/A)	N/A (N/A,N/A)	45.3	42.0
simadna.fq	499908	499908	499898	 1.0	Bovidae	Myotragus_balearicus	44	43	-	0	1	0.0 (0.0,45.9)	0.0 (0.0,30.8)	N/A (N/A,N/A)	N/A (N/A,N/A)	45.3	42.0
simadna.fq	499908	499908	499898	 1.0	Bovidae	Naemorhedus_baileyi	49	49	-	1	1	0.0 (0.0,30.8)	7.1 (0.2,33.9)	N/A (N/A,N/A)	N/A (N/A,N/A)	44.1	43.0
simadna.fq	499908	499908	499898	 1.0	Bovidae	Naemorhedus_caudatus	39	39	-	3	3	0.0 (0.0,30.8)	23.1 (5.0,53.8)	0.0 (0.0,97.5)	N/A (N/A,N/A)	44.4	40.3
simadna.fq	499908	499908	499898	 1.0	Bovidae	Naemorhedus_goral	41	41	-	1	2	0.0 (0.0,30.8)	8.3 (0.2,38.5)	N/A (N/A,N/A)	N/A (N/A,N/A)	43.9	42.0
simadna.fq	499908	499908	499898	 1.0	Bovidae	Naemorhedus_griseus	43	43	-	3	3	8.3 (0.2,38.5)	15.4 (1.9,45.4)	N/A (N/A,N/A)	N/A (N/A,N/A)	45.0	45.0
simadna.fq	499908	499908	499898	 1.0	Bovidae	Nanger_dama	58	57	-	3	5	4.8 (0.1,23.8)	14.3 (1.8,42.8)	0.0 (0.0,97.5)	0.0 (0.0,97.5)	44.6	49.2
simadna.fq	499908	499908	499898	 1.0	Bovidae	Nanger_granti	50	50	-	1	3	0.0 (0.0,17.6)	7.7 (0.2,36.0)	0.0 (0.0,97.5)	N/A (N/A,N/A)	45.2	47.7
simadna.fq	499908	499908	499898	 1.0	Bovidae	Nanger_soemmerringii	63	62	-	3	5	4.5 (0.1,22.8)	12.5 (1.6,38.3)	0.0 (0.0,97.5)	0.0 (0.0,97.5)	45.1	49.2
simadna.fq	499908	499908	499898	 1.0	Bovidae	Neotragus_batesi	38	38	-	1	1	10.0 (0.3,44.5)	0.0 (0.0,36.9)	N/A (N/A,N/A)	0.0 (0.0,97.5)	46.6	42.0
simadna.fq	499908	499908	499898	 1.0	Bovidae	Neotragus_moschatus	70	70	-	0	1	0.0 (0.0,23.2)	0.0 (0.0,24.7)	N/A (N/A,N/A)	N/A (N/A,N/A)	45.0	39.0
simadna.fq	499908	499908	499898	 1.0	Bovidae	Oreamnos_americanus	49	48	-	0	0	0.0 (0.0,24.7)	0.0 (0.0,41.0)	N/A (N/A,N/A)	N/A (N/A,N/A)	42.9	N/A
simadna.fq	499908	499908	499898	 1.0	Bovidae	Oreotragus_oreotragus	53	53	-	1	1	8.3 (0.2,38.5)	0.0 (0.0,33.6)	N/A (N/A,N/A)	0.0 (0.0,97.5)	44.8	71.0
simadna.fq	499908	499908	499898	 1.0	Bovidae	Oryx_beisa	39	39	-	0	0	0.0 (0.0,41.0)	0.0 (0.0,45.9)	N/A (N/A,N/A)	N/A (N/A,N/A)	45.1	N/A
simadna.fq	499908	499908	499898	 1.0	Bovidae	Oryx_dammah	46	46	-	0	2	0.0 (0.0,33.6)	0.0 (0.0,33.6)	N/A (N/A,N/A)	N/A (N/A,N/A)	45.0	44.0
simadna.fq	499908	499908	499898	 1.0	Bovidae	Oryx_gazella	39	39	-	0	2	0.0 (0.0,36.9)	0.0 (0.0,36.9)	N/A (N/A,N/A)	N/A (N/A,N/A)	43.1	39.5
simadna.fq	499908	499908	499898	 1.0	Bovidae	Oryx_leucoryx	54	54	-	0	1	0.0 (0.0,28.5)	0.0 (0.0,36.9)	N/A (N/A,N/A)	N/A (N/A,N/A)	44.6	49.0
simadna.fq	499908	499908	499898	 1.0	Bovidae	Ourebia_ourebi	42	42	-	2	2	18.2 (2.3,51.8)	0.0 (0.0,33.6)	N/A (N/A,N/A)	0.0 (0.0,97.5)	45.4	42.5
simadna.fq	499908	499908	499898	 1.0	Bovidae	Ovibos_moschatus	54	54	-	2	3	0.0 (0.0,24.7)	11.8 (1.5,36.4)	N/A (N/A,N/A)	N/A (N/A,N/A)	43.7	43.0
simadna.fq	499908	499908	499898	 1.0	Bovidae	Ovis_ammon	40	40	-	1	1	0.0 (0.0,30.8)	8.3 (0.2,38.5)	N/A (N/A,N/A)	N/A (N/A,N/A)	44.8	43.0
simadna.fq	499908	499908	499898	 1.0	Bovidae	Ovis_ammon_ammon	53	53	-	0	1	0.0 (0.0,26.5)	0.0 (0.0,24.7)	N/A (N/A,N/A)	N/A (N/A,N/A)	44.7	39.0
simadna.fq	499908	499908	499898	 1.0	Bovidae	Ovis_aries	51	51	-	2	3	8.3 (0.2,38.5)	7.7 (0.2,36.0)	0.0 (0.0,97.5)	N/A (N/A,N/A)	43.8	40.0
simadna.fq	499908	499908	499898	 1.0	Bovidae	Ovis_canadensis	52	52	-	1	3	8.3 (0.2,38.5)	0.0 (0.0,30.8)	N/A (N/A,N/A)	N/A (N/A,N/A)	42.7	40.0
simadna.fq	499908	499908	499898	 1.0	Bovidae	Ovis_dalli	57	57	-	1	4	7.1 (0.2,33.9)	0.0 (0.0,30.8)	N/A (N/A,N/A)	N/A (N/A,N/A)	41.9	43.2
simadna.fq	499908	499908	499898	 1.0	Bovidae	Ovis_nivicola_lydekkeri	58	58	-	0	2	0.0 (0.0,26.5)	0.0 (0.0,30.8)	N/A (N/A,N/A)	N/A (N/A,N/A)	42.8	40.5
simadna.fq	499908	499908	499898	 1.0	Bovidae	Ovis_orientalis	54	54	-	2	3	8.3 (0.2,38.5)	7.1 (0.2,33.9)	0.0 (0.0,97.5)	N/A (N/A,N/A)	44.6	40.0
simadna.fq	499908	499908	499898	 1.0	Bovidae	Ovis_vignei	41	41	-	0	1	0.0 (0.0,36.9)	0.0 (0.0,26.5)	N/A (N/A,N/A)	N/A (N/A,N/A)	45.3	39.0
simadna.fq	499908	499908	499898	 1.0	Bovidae	Pantholops_hodgsonii	41	41	-	1	2	0.0 (0.0,41.0)	10.0 (0.3,44.5)	N/A (N/A,N/A)	N/A (N/A,N/A)	43.0	43.0
simadna.fq	499908	499908	499898	 1.0	Bovidae	Pelea_capreolus	43	43	-	0	1	0.0 (0.0,33.6)	0.0 (0.0,33.6)	N/A (N/A,N/A)	N/A (N/A,N/A)	45.3	36.0
simadna.fq	499908	499908	499898	 1.0	Bovidae	Philantomba_maxwellii	76	76	-	1	1	0.0 (0.0,16.1)	9.1 (0.2,41.3)	0.0 (0.0,97.5)	N/A (N/A,N/A)	45.5	48.0
simadna.fq	499908	499908	499898	 1.0	Bovidae	Philantomba_monticola	62	62	-	0	1	0.0 (0.0,24.7)	0.0 (0.0,26.5)	N/A (N/A,N/A)	N/A (N/A,N/A)	43.8	46.0
simadna.fq	499908	499908	499898	 1.0	Bovidae	Procapra_gutturosa	57	57	-	1	3	9.1 (0.2,41.3)	0.0 (0.0,21.8)	N/A (N/A,N/A)	0.0 (0.0,97.5)	47.8	43.7
simadna.fq	499908	499908	499898	 1.0	Bovidae	Procapra_przewalskii	63	63	-	1	5	7.1 (0.2,33.9)	0.0 (0.0,20.6)	N/A (N/A,N/A)	0.0 (0.0,97.5)	47.7	43.2
simadna.fq	499908	499908	499898	 1.0	Bovidae	Pseudois_nayaur	49	49	-	0	1	0.0 (0.0,28.5)	0.0 (0.0,28.5)	N/A (N/A,N/A)	N/A (N/A,N/A)	44.1	41.0
simadna.fq	499908	499908	499898	 1.0	Bovidae	Pseudois_schaeferi	45	45	-	1	2	8.3 (0.2,38.5)	0.0 (0.0,26.5)	N/A (N/A,N/A)	N/A (N/A,N/A)	44.2	39.0
simadna.fq	499908	499908	499898	 1.0	Bovidae	Pseudoryx_nghetinhensis	116	116	-	1	4	0.0 (0.0,12.3)	4.3 (0.1,21.9)	0.0 (0.0,97.5)	N/A (N/A,N/A)	48.5	44.8
simadna.fq	499908	499908	499898	 1.0	Bovidae	Raphicerus_campestris	37	36	-	0	1	0.0 (0.0,36.9)	0.0 (0.0,36.9)	N/A (N/A,N/A)	N/A (N/A,N/A)	44.9	42.0
simadna.fq	499908	499908	499898	 1.0	Bovidae	Redunca_arundinum	53	53	-	1	1	0.0 (0.0,28.5)	12.5 (0.3,52.7)	N/A (N/A,N/A)	N/A (N/A,N/A)	47.2	45.0
simadna.fq	499908	499908	499898	 1.0	Bovidae	Redunca_fulvorufula	38	38	-	3	3	0.0 (0.0,28.5)	42.9 (9.9,81.6)	N/A (N/A,N/A)	N/A (N/A,N/A)	45.3	44.3
simadna.fq	499908	499908	499898	 1.0	Bovidae	Rupicapra_pyrenaica	57	57	-	1	4	10.0 (0.3,44.5)	0.0 (0.0,19.5)	N/A (N/A,N/A)	N/A (N/A,N/A)	45.1	40.5
simadna.fq	499908	499908	499898	 1.0	Bovidae	Rupicapra_rupicapra	44	44	-	1	3	11.1 (0.3,48.2)	0.0 (0.0,33.6)	N/A (N/A,N/A)	N/A (N/A,N/A)	45.2	42.3
simadna.fq	499908	499908	499898	 1.0	Bovidae	Saiga_tatarica	58	58	-	1	1	0.0 (0.0,26.5)	14.3 (0.4,57.9)	N/A (N/A,N/A)	N/A (N/A,N/A)	46.3	35.0
simadna.fq	499908	499908	499898	 1.0	Bovidae	Sylvicapra_grimmia	68	68	-	1	3	4.8 (0.1,23.8)	0.0 (0.0,23.2)	N/A (N/A,N/A)	N/A (N/A,N/A)	44.9	40.0
simadna.fq	499908	499908	499898	 1.0	Bovidae	Syncerus_caffer	106	105	-	0	3	0.0 (0.0,12.8)	0.0 (0.0,18.5)	N/A (N/A,N/A)	N/A (N/A,N/A)	46.6	59.7
simadna.fq	499908	499908	499898	 1.0	Bovidae	Taurotragus_derbianus	74	74	+	7	10	5.9 (0.1,28.7)	31.6 (12.6,56.6)	0.0 (0.0,84.2)	N/A (N/A,N/A)	45.1	45.4
simadna.fq	499908	499908	499898	 1.0	Bovidae	Tetracerus_quadricornis	89	88	-	0	6	0.0 (0.0,17.6)	0.0 (0.0,26.5)	N/A (N/A,N/A)	N/A (N/A,N/A)	47.1	48.5
simadna.fq	499908	499908	499898	 1.0	Bovidae	Tragelaphus_angasii	68	67	-	5	9	7.1 (0.2,33.9)	19.0 (5.4,41.9)	0.0 (0.0,97.5)	N/A (N/A,N/A)	46.7	45.1
simadna.fq	499908	499908	499898	 1.0	Bovidae	Tragelaphus_buxtoni	76	76	-	4	7	0.0 (0.0,15.4)	17.4 (5.0,38.8)	0.0 (0.0,84.2)	N/A (N/A,N/A)	46.3	49.9
simadna.fq	499908	499908	499898	 1.0	Bovidae	Tragelaphus_eurycerus	80	80	-	4	6	5.0 (0.1,24.9)	14.3 (3.0,36.3)	0.0 (0.0,84.2)	0.0 (0.0,97.5)	46.0	48.7
simadna.fq	499908	499908	499898	 1.0	Bovidae	Tragelaphus_imberbis	72	72	-	4	6	0.0 (0.0,18.5)	23.5 (6.8,49.9)	0.0 (0.0,70.8)	N/A (N/A,N/A)	46.7	46.8
simadna.fq	499908	499908	499898	 1.0	Bovidae	Tragelaphus_oryx	65	65	-	4	8	0.0 (0.0,26.5)	26.7 (7.8,55.1)	0.0 (0.0,97.5)	N/A (N/A,N/A)	45.4	41.9
simadna.fq	499908	499908	499898	 1.0	Bovidae	Tragelaphus_scriptus	57	57	-	2	6	8.3 (0.2,38.5)	6.7 (0.2,31.9)	0.0 (0.0,97.5)	0.0 (0.0,97.5)	45.0	49.5
simadna.fq	499908	499908	499898	 1.0	Bovidae	Tragelaphus_spekii	81	80	-	3	7	0.0 (0.0,16.8)	17.6 (3.8,43.4)	0.0 (0.0,97.5)	N/A (N/A,N/A)	44.7	47.9
simadna.fq	499908	499908	499898	 1.0	Bovidae	Tragelaphus_strepsiceros	48	48	-	4	7	0.0 (0.0,36.9)	33.3 (9.9,65.1)	0.0 (0.0,97.5)	N/A (N/A,N/A)	45.5	41.9
simadna.fq	499908	499908	499898	 1.0	Cebidae	Leontopithecus_rosalia	3	3	-	0	0	0.0 (0.0,84.2)	N/A (N/A,N/A)	N/A (N/A,N/A)	N/A (N/A,N/A)	40.0	N/A
simadna.fq	499908	499908	499898	 1.0	Elephantidae	Elephas_antiquus	139	139	-	5	9	6.7 (0.8,22.1)	12.0 (2.5,31.2)	N/A (N/A,N/A)	N/A (N/A,N/A)	50.5	47.7
simadna.fq	499908	499908	499898	 1.0	Elephantidae	Elephas_maximus	141	141	-	3	4	7.1 (0.9,23.5)	3.8 (0.1,19.6)	N/A (N/A,N/A)	N/A (N/A,N/A)	50.9	47.2
simadna.fq	499908	499908	499898	 1.0	Elephantidae	Loxodonta_africana	120	120	-	2	5	4.5 (0.1,22.8)	5.3 (0.1,26.0)	N/A (N/A,N/A)	N/A (N/A,N/A)	50.4	48.2
simadna.fq	499908	499908	499898	 1.0	Elephantidae	Loxodonta_cyclotis	137	137	-	2	6	3.4 (0.1,17.8)	4.3 (0.1,21.9)	N/A (N/A,N/A)	N/A (N/A,N/A)	50.9	50.8
simadna.fq	499908	499908	499898	 1.0	Elephantidae	Mammut_americanum	44	44	-	1	1	0.0 (0.0,36.9)	11.1 (0.3,48.2)	N/A (N/A,N/A)	N/A (N/A,N/A)	47.5	43.0
simadna.fq	499908	499908	499898	 1.0	Elephantidae	Mammuthus_columbi	181	181	-	0	0	0.0 (0.0,10.3)	0.0 (0.0,11.6)	N/A (N/A,N/A)	N/A (N/A,N/A)	51.4	N/A
simadna.fq	499908	499908	499898	 1.0	Elephantidae	Mammuthus_primigenius	183	183	-	0	0	0.0 (0.0,10.3)	0.0 (0.0,11.6)	N/A (N/A,N/A)	N/A (N/A,N/A)	51.4	N/A
simadna.fq	499908	499908	499898	 1.0	Felidae	Leopardus_colocolo	1	1	-	0	0	N/A (N/A,N/A)	N/A (N/A,N/A)	N/A (N/A,N/A)	N/A (N/A,N/A)	43.0	N/A
simadna.fq	499908	499908	499898	 1.0	Felidae	Leopardus_wiedii	1	1	-	0	0	N/A (N/A,N/A)	N/A (N/A,N/A)	N/A (N/A,N/A)	N/A (N/A,N/A)	41.0	N/A
simadna.fq	499908	499908	499898	 1.0	Felidae	Lynx_canadensis	1	1	-	0	0	N/A (N/A,N/A)	N/A (N/A,N/A)	N/A (N/A,N/A)	N/A (N/A,N/A)	41.0	N/A
simadna.fq	499908	499908	499898	 1.0	Felidae	Lynx_lynx	1	1	-	0	0	N/A (N/A,N/A)	N/A (N/A,N/A)	N/A (N/A,N/A)	N/A (N/A,N/A)	41.0	N/A
simadna.fq	499908	499908	499898	 1.0	Felidae	Prionailurus_viverrinus	1	1	-	0	0	N/A (N/A,N/A)	N/A (N/A,N/A)	N/A (N/A,N/A)	N/A (N/A,N/A)	43.0	N/A
simadna.fq	499908	499908	499898	 1.0	Hominidae	Gorilla_beringei	7	7	-	0	0	0.0 (0.0,97.5)	0.0 (0.0,70.8)	N/A (N/A,N/A)	N/A (N/A,N/A)	51.3	N/A
simadna.fq	499908	499908	499898	 1.0	Hominidae	Gorilla_gorilla	8	8	-	0	1	0.0 (0.0,84.2)	0.0 (0.0,52.2)	N/A (N/A,N/A)	N/A (N/A,N/A)	44.0	48.0
simadna.fq	499908	499908	499898	 1.0	Hominidae	Gorilla_gorilla_gorilla	8	8	-	0	1	0.0 (0.0,84.2)	0.0 (0.0,52.2)	N/A (N/A,N/A)	N/A (N/A,N/A)	44.0	48.0
simadna.fq	499908	499908	499898	 1.0	Hominidae	Homo_heidelbergensis	44	44	-	0	0	0.0 (0.0,24.7)	0.0 (0.0,30.8)	N/A (N/A,N/A)	N/A (N/A,N/A)	50.6	N/A
simadna.fq	499908	499908	499898	 1.0	Hominidae	Homo_sapiens	47	47	-	0	0	0.0 (0.0,23.2)	0.0 (0.0,24.7)	N/A (N/A,N/A)	N/A (N/A,N/A)	52.3	N/A
simadna.fq	499908	499908	499898	 1.0	Hominidae	Homo_sapiens_neanderthalensis	48	48	-	0	0	0.0 (0.0,21.8)	0.0 (0.0,24.7)	N/A (N/A,N/A)	N/A (N/A,N/A)	52.4	N/A
simadna.fq	499908	499908	499898	 1.0	Hominidae	Homo_sapiens_subsp._'Denisova'	46	46	-	0	1	0.0 (0.0,23.2)	0.0 (0.0,24.7)	N/A (N/A,N/A)	N/A (N/A,N/A)	52.0	50.0
simadna.fq	499908	499908	499898	 1.0	Hominidae	Pan_paniscus	15	15	-	0	2	0.0 (0.0,70.8)	0.0 (0.0,52.2)	N/A (N/A,N/A)	N/A (N/A,N/A)	47.5	60.5
simadna.fq	499908	499908	499898	 1.0	Hominidae	Pan_troglodytes	13	13	-	0	0	0.0 (0.0,70.8)	0.0 (0.0,84.2)	N/A (N/A,N/A)	N/A (N/A,N/A)	46.3	N/A
simadna.fq	499908	499908	499898	 1.0	Hominidae	Pongo_abelii	4	4	-	0	0	N/A (N/A,N/A)	0.0 (0.0,97.5)	N/A (N/A,N/A)	N/A (N/A,N/A)	47.5	N/A
simadna.fq	499908	499908	499898	 1.0	Hominidae	Pongo_pygmaeus	7	7	-	0	0	0.0 (0.0,97.5)	0.0 (0.0,97.5)	N/A (N/A,N/A)	N/A (N/A,N/A)	48.0	N/A
simadna.fq	499908	499908	499898	 1.0	Hyaenidae	Crocuta_crocuta	1844	1788	-	5	17	0.8 (0.2,2.4)	0.5 (0.1,1.9)	N/A (N/A,N/A)	N/A (N/A,N/A)	51.8	52.1
simadna.fq	499908	499908	499898	 1.0	Hyaenidae	Hyaena_hyaena	373	360	-	7	22	5.4 (1.5,13.3)	4.3 (0.9,12.0)	N/A (N/A,N/A)	0.0 (0.0,97.5)	48.6	44.8
simadna.fq	499908	499908	499898	 1.0	Hyaenidae	Parahyaena_brunnea	401	392	-	12	38	5.0 (1.4,12.3)	10.1 (4.5,19.0)	0.0 (0.0,84.2)	0.0 (0.0,97.5)	47.7	45.9
simadna.fq	499908	499908	499898	 1.0	Hyaenidae	Proteles_cristata	275	269	-	9	21	14.6 (6.1,27.8)	3.2 (0.4,11.2)	N/A (N/A,N/A)	0.0 (0.0,97.5)	47.4	42.1
simadna.fq	499908	499908	499898	 1.0	Procaviidae	Procavia_capensis	3	3	-	0	0	0.0 (0.0,97.5)	N/A (N/A,N/A)	N/A (N/A,N/A)	N/A (N/A,N/A)	36.0	N/A
simadna.fq	499908	499908	499898	 1.0	Suidae	Phacochoerus_africanus	140	138	-	1	10	0.0 (0.0,15.4)	4.3 (0.1,21.9)	0.0 (0.0,97.5)	N/A (N/A,N/A)	47.4	46.0
simadna.fq	499908	499908	499898	 1.0	Suidae	Porcula_salvania	226	221	-	2	11	2.5 (0.1,13.2)	2.9 (0.1,14.9)	N/A (N/A,N/A)	0.0 (0.0,97.5)	49.7	47.5
simadna.fq	499908	499908	499898	 1.0	Suidae	Potamochoerus_porcus	121	118	-	2	5	4.5 (0.1,22.8)	4.8 (0.1,23.8)	N/A (N/A,N/A)	N/A (N/A,N/A)	48.0	43.4
simadna.fq	499908	499908	499898	 1.0	Suidae	Sus_barbatus	554	546	-	3	13	0.9 (0.0,5.0)	2.1 (0.3,7.3)	N/A (N/A,N/A)	N/A (N/A,N/A)	51.7	61.9
simadna.fq	499908	499908	499898	 1.0	Suidae	Sus_cebifrons	527	520	-	5	18	2.0 (0.2,6.9)	3.2 (0.7,9.0)	0.0 (0.0,97.5)	N/A (N/A,N/A)	51.5	53.4
simadna.fq	499908	499908	499898	 1.0	Suidae	Sus_celebensis	543	536	-	4	17	1.9 (0.2,6.7)	2.1 (0.3,7.5)	N/A (N/A,N/A)	N/A (N/A,N/A)	51.5	51.2
simadna.fq	499908	499908	499898	 1.0	Suidae	Sus_scrofa	597	589	-	0	5	0.0 (0.0,3.1)	0.0 (0.0,3.6)	N/A (N/A,N/A)	N/A (N/A,N/A)	51.8	58.6
simadna.fq	499908	499908	499898	 1.0	Suidae	Sus_scrofa_cristatus	570	562	-	1	9	0.0 (0.0,3.2)	1.0 (0.0,5.4)	N/A (N/A,N/A)	N/A (N/A,N/A)	51.7	54.6
simadna.fq	499908	499908	499898	 1.0	Suidae	Sus_scrofa_domesticus	599	591	-	0	5	0.0 (0.0,3.1)	0.0 (0.0,3.6)	N/A (N/A,N/A)	N/A (N/A,N/A)	51.9	58.6
simadna.fq	499908	499908	499898	 1.0	Suidae	Sus_scrofa_taivanus	606	598	-	2	6	0.0 (0.0,3.0)	1.9 (0.2,6.7)	N/A (N/A,N/A)	N/A (N/A,N/A)	51.9	55.8
simadna.fq	499908	499908	499898	 1.0	Suidae	Sus_verrucosus	549	541	-	3	12	0.9 (0.0,5.1)	2.1 (0.3,7.4)	N/A (N/A,N/A)	N/A (N/A,N/A)	51.7	63.4
simadna_hd.fq	499886	499886	499886	 1.0	Balaenopteridae	Balaenoptera_acutorostrata	1	1	-	1	1	0.0 (0.0,97.5)	100.0 (2.5,100.0)	0.0 (0.0,97.5)	N/A (N/A,N/A)	43.0	43.0
simadna_hd.fq	499886	499886	499886	 1.0	Balaenopteridae	Balaenoptera_bonaerensis	1	1	-	1	1	0.0 (0.0,97.5)	100.0 (2.5,100.0)	0.0 (0.0,97.5)	N/A (N/A,N/A)	43.0	43.0
simadna_hd.fq	499886	499886	499886	 1.0	Balaenopteridae	Balaenoptera_borealis	1	1	-	1	1	0.0 (0.0,97.5)	100.0 (2.5,100.0)	0.0 (0.0,97.5)	N/A (N/A,N/A)	43.0	43.0
simadna_hd.fq	499886	499886	499886	 1.0	Balaenopteridae	Balaenoptera_brydei	1	1	-	1	1	0.0 (0.0,97.5)	100.0 (2.5,100.0)	0.0 (0.0,97.5)	N/A (N/A,N/A)	43.0	43.0
simadna_hd.fq	499886	499886	499886	 1.0	Balaenopteridae	Balaenoptera_edeni	1	1	-	1	1	0.0 (0.0,97.5)	100.0 (2.5,100.0)	0.0 (0.0,97.5)	N/A (N/A,N/A)	43.0	43.0
simadna_hd.fq	499886	499886	499886	 1.0	Balaenopteridae	Balaenoptera_musculus	1	1	-	1	1	0.0 (0.0,97.5)	100.0 (2.5,100.0)	0.0 (0.0,97.5)	N/A (N/A,N/A)	43.0	43.0
simadna_hd.fq	499886	499886	499886	 1.0	Balaenopteridae	Balaenoptera_omurai	2	2	-	1	1	0.0 (0.0,97.5)	100.0 (2.5,100.0)	0.0 (0.0,97.5)	N/A (N/A,N/A)	40.5	43.0
simadna_hd.fq	499886	499886	499886	 1.0	Balaenopteridae	Megaptera_novaeangliae	1	1	-	1	1	0.0 (0.0,97.5)	100.0 (2.5,100.0)	0.0 (0.0,97.5)	N/A (N/A,N/A)	43.0	43.0
simadna_hd.fq	499886	499886	499886	 1.0	Bovidae	Addax_nasomaculatus	25	24	-	3	5	42.9 (9.9,81.6)	0.0 (0.0,52.2)	N/A (N/A,N/A)	0.0 (0.0,84.2)	45.2	45.4
simadna_hd.fq	499886	499886	499886	 1.0	Bovidae	Aepyceros_melampus	31	28	-	0	4	0.0 (0.0,84.2)	0.0 (0.0,52.2)	N/A (N/A,N/A)	N/A (N/A,N/A)	44.2	42.8
simadna_hd.fq	499886	499886	499886	 1.0	Bovidae	Alcelaphus_buselaphus	29	29	-	0	4	0.0 (0.0,52.2)	0.0 (0.0,41.0)	N/A (N/A,N/A)	N/A (N/A,N/A)	46.6	45.2
simadna_hd.fq	499886	499886	499886	 1.0	Bovidae	Ammotragus_lervia	28	28	-	1	4	16.7 (0.4,64.1)	0.0 (0.0,41.0)	N/A (N/A,N/A)	N/A (N/A,N/A)	43.5	45.5
simadna_hd.fq	499886	499886	499886	 1.0	Bovidae	Antidorcas_marsupialis	16	15	-	0	2	N/A (N/A,N/A)	0.0 (0.0,70.8)	N/A (N/A,N/A)	N/A (N/A,N/A)	43.4	43.0
simadna_hd.fq	499886	499886	499886	 1.0	Bovidae	Antilope_cervicapra	22	22	-	0	3	0.0 (0.0,52.2)	0.0 (0.0,41.0)	N/A (N/A,N/A)	N/A (N/A,N/A)	42.9	45.0
simadna_hd.fq	499886	499886	499886	 1.0	Bovidae	Arabitragus_jayakari	29	29	-	0	1	0.0 (0.0,52.2)	0.0 (0.0,52.2)	N/A (N/A,N/A)	N/A (N/A,N/A)	42.8	43.0
simadna_hd.fq	499886	499886	499886	 1.0	Bovidae	Beatragus_hunteri	24	24	-	0	3	0.0 (0.0,70.8)	0.0 (0.0,41.0)	N/A (N/A,N/A)	N/A (N/A,N/A)	41.8	47.7
simadna_hd.fq	499886	499886	499886	 1.0	Bovidae	Bison_bison	318	312	++	25	51	30.8 (18.7,45.1)	19.6 (9.8,33.1)	33.3 (0.8,90.6)	50.0 (1.3,98.7)	49.7	51.6
simadna_hd.fq	499886	499886	499886	 1.0	Bovidae	Bison_bonasus	373	367	++	40	66	39.3 (26.5,53.2)	28.4 (18.0,40.7)	20.0 (0.5,71.6)	20.0 (0.5,71.6)	48.6	47.9
simadna_hd.fq	499886	499886	499886	 1.0	Bovidae	Bison_priscus	324	318	++	28	54	32.0 (19.5,46.7)	24.1 (13.5,37.6)	25.0 (0.6,80.6)	50.0 (1.3,98.7)	49.9	51.6
simadna_hd.fq	499886	499886	499886	 1.0	Bovidae	Bison_schoetensacki	368	360	++	43	70	42.4 (29.6,55.9)	29.2 (18.6,41.8)	25.0 (0.6,80.6)	25.0 (0.6,80.6)	48.7	48.0
simadna_hd.fq	499886	499886	499886	 1.0	Bovidae	Bootherium_bombifrons	30	30	-	3	7	25.0 (3.2,65.1)	14.3 (0.4,57.9)	N/A (N/A,N/A)	0.0 (0.0,97.5)	47.2	47.1
simadna_hd.fq	499886	499886	499886	 1.0	Bovidae	Bos_frontalis	272	267	++	24	48	26.8 (14.2,42.9)	28.6 (16.6,43.3)	25.0 (0.6,80.6)	25.0 (0.6,80.6)	49.0	48.6
simadna_hd.fq	499886	499886	499886	 1.0	Bovidae	Bos_gaurus	276	271	++	24	49	25.6 (13.5,41.2)	29.8 (17.3,44.9)	25.0 (0.6,80.6)	25.0 (0.6,80.6)	49.4	48.8
simadna_hd.fq	499886	499886	499886	 1.0	Bovidae	Bos_grunniens	317	313	++	29	57	30.0 (17.9,44.6)	25.5 (14.7,39.0)	0.0 (0.0,70.8)	0.0 (0.0,70.8)	48.8	48.9
simadna_hd.fq	499886	499886	499886	 1.0	Bovidae	Bos_grunniens_x_Bos_taurus	327	323	++	31	58	32.7 (20.3,47.1)	25.0 (14.4,38.4)	0.0 (0.0,70.8)	0.0 (0.0,60.2)	49.1	49.1
simadna_hd.fq	499886	499886	499886	 1.0	Bovidae	Bos_indicus	733	720	++	81	148	37.1 (28.6,46.2)	30.4 (22.5,39.3)	33.3 (7.5,70.1)	23.1 (5.0,53.8)	51.9	51.0
simadna_hd.fq	499886	499886	499886	 1.0	Bovidae	Bos_javanicus	827	813	++	96	172	38.2 (30.2,46.7)	30.7 (23.2,39.1)	22.2 (2.8,60.0)	16.7 (2.1,48.4)	52.6	53.1
simadna_hd.fq	499886	499886	499886	 1.0	Bovidae	Bos_mutus	334	330	++	32	59	30.2 (18.3,44.3)	27.6 (16.7,40.9)	0.0 (0.0,60.2)	0.0 (0.0,70.8)	49.3	49.2
simadna_hd.fq	499886	499886	499886	 1.0	Bovidae	Bos_primigenius	809	796	++	95	170	37.3 (29.4,45.8)	32.1 (24.4,40.6)	22.2 (2.8,60.0)	15.4 (1.9,45.4)	52.4	52.3
simadna_hd.fq	499886	499886	499886	 1.0	Bovidae	Bos_taurus	825	811	++	95	172	38.5 (30.5,47.0)	30.4 (22.9,38.8)	22.2 (2.8,60.0)	16.7 (2.1,48.4)	52.6	53.0
simadna_hd.fq	499886	499886	499886	 1.0	Bovidae	Boselaphus_tragocamelus	36	35	-	1	6	0.0 (0.0,60.2)	14.3 (0.4,57.9)	N/A (N/A,N/A)	N/A (N/A,N/A)	45.0	39.7
simadna_hd.fq	499886	499886	499886	 1.0	Bovidae	Bubalus_arnee	53	50	-	4	12	28.6 (3.7,71.0)	40.0 (5.3,85.3)	N/A (N/A,N/A)	N/A (N/A,N/A)	46.6	44.8
simadna_hd.fq	499886	499886	499886	 1.0	Bovidae	Bubalus_bubalis	58	55	-	5	14	37.5 (8.5,75.5)	33.3 (4.3,77.7)	N/A (N/A,N/A)	N/A (N/A,N/A)	47.3	46.8
simadna_hd.fq	499886	499886	499886	 1.0	Bovidae	Bubalus_carabanensis	49	47	-	5	14	37.5 (8.5,75.5)	28.6 (3.7,71.0)	N/A (N/A,N/A)	0.0 (0.0,97.5)	48.2	45.4
simadna_hd.fq	499886	499886	499886	 1.0	Bovidae	Bubalus_depressicornis	53	50	-	3	10	28.6 (3.7,71.0)	14.3 (0.4,57.9)	N/A (N/A,N/A)	N/A (N/A,N/A)	46.9	41.9
simadna_hd.fq	499886	499886	499886	 1.0	Bovidae	Bubalus_quarlesi	46	44	-	3	10	14.3 (0.4,57.9)	28.6 (3.7,71.0)	N/A (N/A,N/A)	N/A (N/A,N/A)	47.8	45.7
simadna_hd.fq	499886	499886	499886	 1.0	Bovidae	Budorcas_taxicolor	28	27	-	1	5	16.7 (0.4,64.1)	0.0 (0.0,84.2)	N/A (N/A,N/A)	N/A (N/A,N/A)	43.3	42.4
simadna_hd.fq	499886	499886	499886	 1.0	Bovidae	Budorcas_taxicolor_taxicolor	22	22	-	0	3	0.0 (0.0,60.2)	0.0 (0.0,60.2)	N/A (N/A,N/A)	N/A (N/A,N/A)	42.8	39.7
simadna_hd.fq	499886	499886	499886	 1.0	Bovidae	Budorcas_taxicolor_tibetana	28	27	-	1	5	16.7 (0.4,64.1)	0.0 (0.0,84.2)	N/A (N/A,N/A)	N/A (N/A,N/A)	43.3	42.4
simadna_hd.fq	499886	499886	499886	 1.0	Bovidae	Capra_aegagrus	25	25	-	1	5	25.0 (0.6,80.6)	0.0 (0.0,52.2)	N/A (N/A,N/A)	N/A (N/A,N/A)	42.0	45.0
simadna_hd.fq	499886	499886	499886	 1.0	Bovidae	Capra_caucasica	27	26	-	0	4	0.0 (0.0,70.8)	0.0 (0.0,60.2)	N/A (N/A,N/A)	N/A (N/A,N/A)	42.5	47.0
simadna_hd.fq	499886	499886	499886	 1.0	Bovidae	Capra_falconeri	28	28	-	0	5	0.0 (0.0,45.9)	0.0 (0.0,70.8)	N/A (N/A,N/A)	N/A (N/A,N/A)	42.8	45.2
simadna_hd.fq	499886	499886	499886	 1.0	Bovidae	Capra_hircus	25	25	-	1	5	25.0 (0.6,80.6)	0.0 (0.0,60.2)	N/A (N/A,N/A)	N/A (N/A,N/A)	41.6	45.0
simadna_hd.fq	499886	499886	499886	 1.0	Bovidae	Capra_ibex	28	28	-	1	7	14.3 (0.4,57.9)	0.0 (0.0,70.8)	N/A (N/A,N/A)	N/A (N/A,N/A)	41.1	42.6
simadna_hd.fq	499886	499886	499886	 1.0	Bovidae	Capra_nubiana	35	35	-	2	7	25.0 (3.2,65.1)	0.0 (0.0,52.2)	N/A (N/A,N/A)	N/A (N/A,N/A)	44.9	44.0
simadna_hd.fq	499886	499886	499886	 1.0	Bovidae	Capra_pyrenaica	31	31	-	2	8	22.2 (2.8,60.0)	0.0 (0.0,70.8)	N/A (N/A,N/A)	N/A (N/A,N/A)	42.1	41.8
simadna_hd.fq	499886	499886	499886	 1.0	Bovidae	Capra_sibirica	31	30	-	1	3	25.0 (0.6,80.6)	0.0 (0.0,52.2)	N/A (N/A,N/A)	N/A (N/A,N/A)	42.2	47.3
simadna_hd.fq	499886	499886	499886	 1.0	Bovidae	Capricornis_crispus	15	15	-	2	4	0.0 (0.0,70.8)	66.7 (9.4,99.2)	N/A (N/A,N/A)	N/A (N/A,N/A)	43.4	48.0
simadna_hd.fq	499886	499886	499886	 1.0	Bovidae	Capricornis_milneedwardsii	17	17	-	0	3	0.0 (0.0,70.8)	0.0 (0.0,60.2)	N/A (N/A,N/A)	N/A (N/A,N/A)	44.5	47.7
simadna_hd.fq	499886	499886	499886	 1.0	Bovidae	Capricornis_rubidus	18	18	-	2	5	0.0 (0.0,70.8)	33.3 (4.3,77.7)	N/A (N/A,N/A)	N/A (N/A,N/A)	43.4	44.4
simadna_hd.fq	499886	499886	499886	 1.0	Bovidae	Capricornis_sp._YZ-2016	13	13	-	1	3	0.0 (0.0,84.2)	33.3 (0.8,90.6)	N/A (N/A,N/A)	N/A (N/A,N/A)	42.7	47.3
simadna_hd.fq	499886	499886	499886	 1.0	Bovidae	Capricornis_sumatraensis	14	14	-	0	2	0.0 (0.0,84.2)	0.0 (0.0,60.2)	N/A (N/A,N/A)	N/A (N/A,N/A)	44.4	52.5
simadna_hd.fq	499886	499886	499886	 1.0	Bovidae	Capricornis_swinhoei	14	14	-	2	4	0.0 (0.0,70.8)	40.0 (5.3,85.3)	N/A (N/A,N/A)	N/A (N/A,N/A)	43.0	46.0
simadna_hd.fq	499886	499886	499886	 1.0	Bovidae	Cephalophorus_callipygus	28	27	-	2	5	40.0 (5.3,85.3)	0.0 (0.0,52.2)	N/A (N/A,N/A)	0.0 (0.0,97.5)	43.9	46.2
simadna_hd.fq	499886	499886	499886	 1.0	Bovidae	Cephalophorus_leucogaster	27	27	-	1	4	16.7 (0.4,64.1)	0.0 (0.0,45.9)	N/A (N/A,N/A)	0.0 (0.0,97.5)	45.3	46.8
simadna_hd.fq	499886	499886	499886	 1.0	Bovidae	Cephalophorus_natalensis	23	23	-	1	3	14.3 (0.4,57.9)	0.0 (0.0,41.0)	N/A (N/A,N/A)	0.0 (0.0,97.5)	45.2	50.3
simadna_hd.fq	499886	499886	499886	 1.0	Bovidae	Cephalophorus_nigrifrons	21	21	-	1	4	25.0 (0.6,80.6)	0.0 (0.0,36.9)	N/A (N/A,N/A)	0.0 (0.0,97.5)	44.9	50.2
simadna_hd.fq	499886	499886	499886	 1.0	Bovidae	Cephalophorus_ogilbyi	25	24	-	1	4	20.0 (0.5,71.6)	0.0 (0.0,45.9)	N/A (N/A,N/A)	0.0 (0.0,97.5)	46.0	47.0
simadna_hd.fq	499886	499886	499886	 1.0	Bovidae	Cephalophorus_rufilatus	23	23	-	1	3	20.0 (0.5,71.6)	0.0 (0.0,36.9)	N/A (N/A,N/A)	0.0 (0.0,97.5)	45.2	50.3
simadna_hd.fq	499886	499886	499886	 1.0	Bovidae	Cephalophus_dorsalis	20	20	-	1	3	33.3 (0.8,90.6)	0.0 (0.0,52.2)	N/A (N/A,N/A)	0.0 (0.0,97.5)	42.5	42.0
simadna_hd.fq	499886	499886	499886	 1.0	Bovidae	Cephalophus_jentinki	17	17	-	1	3	25.0 (0.6,80.6)	0.0 (0.0,97.5)	N/A (N/A,N/A)	N/A (N/A,N/A)	42.6	43.3
simadna_hd.fq	499886	499886	499886	 1.0	Bovidae	Cephalophus_silvicultor	23	22	-	1	3	25.0 (0.6,80.6)	0.0 (0.0,45.9)	N/A (N/A,N/A)	0.0 (0.0,97.5)	43.2	50.3
simadna_hd.fq	499886	499886	499886	 1.0	Bovidae	Cephalophus_spadix	22	22	-	1	4	33.3 (0.8,90.6)	0.0 (0.0,45.9)	N/A (N/A,N/A)	0.0 (0.0,97.5)	44.0	42.2
simadna_hd.fq	499886	499886	499886	 1.0	Bovidae	Connochaetes_gnou	26	26	-	0	1	0.0 (0.0,70.8)	0.0 (0.0,60.2)	N/A (N/A,N/A)	N/A (N/A,N/A)	46.3	62.0
simadna_hd.fq	499886	499886	499886	 1.0	Bovidae	Connochaetes_taurinus	33	33	-	1	3	25.0 (0.6,80.6)	0.0 (0.0,52.2)	N/A (N/A,N/A)	N/A (N/A,N/A)	45.2	45.3
simadna_hd.fq	499886	499886	499886	 1.0	Bovidae	Damaliscus_lunatus	24	24	-	0	3	0.0 (0.0,70.8)	0.0 (0.0,45.9)	N/A (N/A,N/A)	N/A (N/A,N/A)	44.6	48.0
simadna_hd.fq	499886	499886	499886	 1.0	Bovidae	Damaliscus_pygargus	14	14	-	1	3	33.3 (0.8,90.6)	0.0 (0.0,84.2)	N/A (N/A,N/A)	N/A (N/A,N/A)	44.1	41.0
simadna_hd.fq	499886	499886	499886	 1.0	Bovidae	Dorcatragus_megalotis	18	17	-	1	4	33.3 (0.8,90.6)	0.0 (0.0,70.8)	N/A (N/A,N/A)	0.0 (0.0,97.5)	42.4	42.0
simadna_hd.fq	499886	499886	499886	 1.0	Bovidae	Eudorcas_rufifrons	23	22	-	1	4	33.3 (0.8,90.6)	0.0 (0.0,45.9)	N/A (N/A,N/A)	0.0 (0.0,97.5)	45.9	43.0
simadna_hd.fq	499886	499886	499886	 1.0	Bovidae	Eudorcas_thomsonii	23	22	-	1	4	50.0 (1.3,98.7)	0.0 (0.0,52.2)	N/A (N/A,N/A)	0.0 (0.0,97.5)	45.5	42.5
simadna_hd.fq	499886	499886	499886	 1.0	Bovidae	Gazella_bennettii	33	32	-	2	7	16.7 (0.4,64.1)	16.7 (0.4,64.1)	0.0 (0.0,97.5)	0.0 (0.0,97.5)	42.4	40.9
simadna_hd.fq	499886	499886	499886	 1.0	Bovidae	Gazella_cuvieri	20	20	-	1	4	33.3 (0.8,90.6)	0.0 (0.0,70.8)	N/A (N/A,N/A)	0.0 (0.0,97.5)	41.0	42.0
simadna_hd.fq	499886	499886	499886	 1.0	Bovidae	Gazella_dorcas	37	36	-	1	6	14.3 (0.4,57.9)	0.0 (0.0,60.2)	N/A (N/A,N/A)	0.0 (0.0,97.5)	42.7	41.7
simadna_hd.fq	499886	499886	499886	 1.0	Bovidae	Gazella_erlangeri	32	31	-	1	4	16.7 (0.4,64.1)	0.0 (0.0,45.9)	N/A (N/A,N/A)	0.0 (0.0,97.5)	44.0	42.5
simadna_hd.fq	499886	499886	499886	 1.0	Bovidae	Gazella_gazella	32	31	-	1	4	16.7 (0.4,64.1)	0.0 (0.0,45.9)	N/A (N/A,N/A)	0.0 (0.0,97.5)	43.9	42.5
simadna_hd.fq	499886	499886	499886	 1.0	Bovidae	Gazella_leptoceros	23	23	-	1	5	33.3 (0.8,90.6)	0.0 (0.0,70.8)	N/A (N/A,N/A)	0.0 (0.0,97.5)	42.1	42.2
simadna_hd.fq	499886	499886	499886	 1.0	Bovidae	Gazella_spekei	26	25	-	0	2	0.0 (0.0,60.2)	0.0 (0.0,60.2)	N/A (N/A,N/A)	N/A (N/A,N/A)	43.8	43.0
simadna_hd.fq	499886	499886	499886	 1.0	Bovidae	Gazella_subgutturosa	35	34	-	2	6	16.7 (0.4,64.1)	16.7 (0.4,64.1)	0.0 (0.0,97.5)	0.0 (0.0,97.5)	43.2	41.3
simadna_hd.fq	499886	499886	499886	 1.0	Bovidae	Hemitragus_jemlahicus	28	27	-	1	6	14.3 (0.4,57.9)	0.0 (0.0,52.2)	N/A (N/A,N/A)	0.0 (0.0,97.5)	43.1	45.2
simadna_hd.fq	499886	499886	499886	 1.0	Bovidae	Hippotragus_equinus	30	30	+	5	7	50.0 (11.8,88.2)	18.2 (2.3,51.8)	N/A (N/A,N/A)	0.0 (0.0,97.5)	45.5	43.0
simadna_hd.fq	499886	499886	499886	 1.0	Bovidae	Hippotragus_leucophaeus	22	22	-	1	4	33.3 (0.8,90.6)	0.0 (0.0,41.0)	N/A (N/A,N/A)	0.0 (0.0,97.5)	45.5	47.0
simadna_hd.fq	499886	499886	499886	 1.0	Bovidae	Hippotragus_niger	34	34	-	4	8	22.2 (2.8,60.0)	20.0 (2.5,55.6)	0.0 (0.0,97.5)	0.0 (0.0,84.2)	44.4	44.9
simadna_hd.fq	499886	499886	499886	 1.0	Bovidae	Hippotragus_niger_niger	32	32	-	3	6	14.3 (0.4,57.9)	22.2 (2.8,60.0)	0.0 (0.0,97.5)	0.0 (0.0,97.5)	43.9	42.3
simadna_hd.fq	499886	499886	499886	 1.0	Bovidae	Hippotragus_niger_roosevelti	34	33	-	3	5	25.0 (3.2,65.1)	11.1 (0.3,48.2)	N/A (N/A,N/A)	0.0 (0.0,84.2)	45.9	48.4
simadna_hd.fq	499886	499886	499886	 1.0	Bovidae	Hippotragus_niger_variani	36	36	-	3	7	12.5 (0.3,52.7)	20.0 (2.5,55.6)	0.0 (0.0,97.5)	0.0 (0.0,97.5)	44.9	44.7
simadna_hd.fq	499886	499886	499886	 1.0	Bovidae	Kobus_ellipsiprymnus	22	21	-	0	2	0.0 (0.0,52.2)	0.0 (0.0,70.8)	N/A (N/A,N/A)	N/A (N/A,N/A)	46.5	39.0
simadna_hd.fq	499886	499886	499886	 1.0	Bovidae	Kobus_leche	29	28	-	0	2	0.0 (0.0,60.2)	0.0 (0.0,52.2)	N/A (N/A,N/A)	N/A (N/A,N/A)	43.6	39.0
simadna_hd.fq	499886	499886	499886	 1.0	Bovidae	Leucocephalophus_adersi	27	27	-	3	5	28.6 (3.7,71.0)	9.1 (0.2,41.3)	N/A (N/A,N/A)	0.0 (0.0,84.2)	45.0	48.0
simadna_hd.fq	499886	499886	499886	 1.0	Bovidae	Litocranius_walleri	30	29	-	0	2	0.0 (0.0,70.8)	0.0 (0.0,41.0)	N/A (N/A,N/A)	N/A (N/A,N/A)	44.3	43.0
simadna_hd.fq	499886	499886	499886	 1.0	Bovidae	Madoqua_kirkii	19	18	-	1	3	25.0 (0.6,80.6)	0.0 (0.0,60.2)	N/A (N/A,N/A)	0.0 (0.0,97.5)	43.8	45.7
simadna_hd.fq	499886	499886	499886	 1.0	Bovidae	Madoqua_saltiana	22	21	-	1	2	20.0 (0.5,71.6)	0.0 (0.0,45.9)	N/A (N/A,N/A)	0.0 (0.0,97.5)	45.0	47.0
simadna_hd.fq	499886	499886	499886	 1.0	Bovidae	Myotragus_balearicus	21	21	-	1	3	50.0 (1.3,98.7)	0.0 (0.0,52.2)	N/A (N/A,N/A)	0.0 (0.0,97.5)	42.3	50.0
simadna_hd.fq	499886	499886	499886	 1.0	Bovidae	Naemorhedus_baileyi	24	24	-	3	7	0.0 (0.0,52.2)	37.5 (8.5,75.5)	N/A (N/A,N/A)	N/A (N/A,N/A)	45.4	42.9
simadna_hd.fq	499886	499886	499886	 1.0	Bovidae	Naemorhedus_caudatus	23	23	-	1	3	14.3 (0.4,57.9)	0.0 (0.0,70.8)	N/A (N/A,N/A)	N/A (N/A,N/A)	46.5	47.0
simadna_hd.fq	499886	499886	499886	 1.0	Bovidae	Naemorhedus_goral	19	19	-	1	3	0.0 (0.0,45.9)	16.7 (0.4,64.1)	N/A (N/A,N/A)	N/A (N/A,N/A)	44.5	42.7
simadna_hd.fq	499886	499886	499886	 1.0	Bovidae	Naemorhedus_griseus	27	27	-	3	8	18.2 (2.3,51.8)	20.0 (0.5,71.6)	N/A (N/A,N/A)	N/A (N/A,N/A)	44.0	44.4
simadna_hd.fq	499886	499886	499886	 1.0	Bovidae	Nanger_dama	26	25	-	1	5	25.0 (0.6,80.6)	0.0 (0.0,70.8)	N/A (N/A,N/A)	0.0 (0.0,97.5)	43.4	41.2
simadna_hd.fq	499886	499886	499886	 1.0	Bovidae	Nanger_granti	19	19	-	1	4	50.0 (1.3,98.7)	0.0 (0.0,70.8)	N/A (N/A,N/A)	0.0 (0.0,97.5)	44.1	42.0
simadna_hd.fq	499886	499886	499886	 1.0	Bovidae	Nanger_soemmerringii	22	22	-	1	4	25.0 (0.6,80.6)	0.0 (0.0,60.2)	N/A (N/A,N/A)	0.0 (0.0,97.5)	44.1	42.0
simadna_hd.fq	499886	499886	499886	 1.0	Bovidae	Neotragus_batesi	19	18	-	0	2	0.0 (0.0,84.2)	0.0 (0.0,60.2)	N/A (N/A,N/A)	N/A (N/A,N/A)	45.7	39.5
simadna_hd.fq	499886	499886	499886	 1.0	Bovidae	Neotragus_moschatus	21	20	-	1	3	33.3 (0.8,90.6)	0.0 (0.0,84.2)	N/A (N/A,N/A)	0.0 (0.0,97.5)	44.2	41.7
simadna_hd.fq	499886	499886	499886	 1.0	Bovidae	Oreamnos_americanus	26	26	-	0	2	0.0 (0.0,45.9)	0.0 (0.0,60.2)	N/A (N/A,N/A)	N/A (N/A,N/A)	44.8	44.5
simadna_hd.fq	499886	499886	499886	 1.0	Bovidae	Oreotragus_oreotragus	30	29	-	0	2	0.0 (0.0,45.9)	0.0 (0.0,45.9)	N/A (N/A,N/A)	N/A (N/A,N/A)	45.2	42.5
simadna_hd.fq	499886	499886	499886	 1.0	Bovidae	Oryx_beisa	27	26	+	4	6	60.0 (14.7,94.7)	20.0 (0.5,71.6)	N/A (N/A,N/A)	0.0 (0.0,84.2)	44.8	46.0
simadna_hd.fq	499886	499886	499886	 1.0	Bovidae	Oryx_dammah	18	18	-	1	4	0.0 (0.0,84.2)	25.0 (0.6,80.6)	N/A (N/A,N/A)	N/A (N/A,N/A)	44.2	42.8
simadna_hd.fq	499886	499886	499886	 1.0	Bovidae	Oryx_gazella	25	25	-	3	4	20.0 (0.5,71.6)	28.6 (3.7,71.0)	N/A (N/A,N/A)	0.0 (0.0,97.5)	45.9	47.0
simadna_hd.fq	499886	499886	499886	 1.0	Bovidae	Oryx_leucoryx	18	18	-	2	4	20.0 (0.5,71.6)	16.7 (0.4,64.1)	N/A (N/A,N/A)	0.0 (0.0,97.5)	46.4	44.2
simadna_hd.fq	499886	499886	499886	 1.0	Bovidae	Ourebia_ourebi	14	14	-	1	4	25.0 (0.6,80.6)	0.0 (0.0,60.2)	N/A (N/A,N/A)	N/A (N/A,N/A)	42.1	39.8
simadna_hd.fq	499886	499886	499886	 1.0	Bovidae	Ovibos_moschatus	25	24	-	1	5	0.0 (0.0,52.2)	20.0 (0.5,71.6)	N/A (N/A,N/A)	N/A (N/A,N/A)	44.4	45.6
simadna_hd.fq	499886	499886	499886	 1.0	Bovidae	Ovis_ammon	23	23	-	2	5	33.3 (4.3,77.7)	0.0 (0.0,41.0)	N/A (N/A,N/A)	0.0 (0.0,84.2)	43.0	42.6
simadna_hd.fq	499886	499886	499886	 1.0	Bovidae	Ovis_ammon_ammon	23	23	-	2	6	33.3 (4.3,77.7)	0.0 (0.0,36.9)	N/A (N/A,N/A)	0.0 (0.0,84.2)	44.3	45.8
simadna_hd.fq	499886	499886	499886	 1.0	Bovidae	Ovis_aries	28	28	-	2	5	28.6 (3.7,71.0)	0.0 (0.0,41.0)	N/A (N/A,N/A)	0.0 (0.0,97.5)	43.2	41.0
simadna_hd.fq	499886	499886	499886	 1.0	Bovidae	Ovis_canadensis	30	29	-	3	6	37.5 (8.5,75.5)	0.0 (0.0,36.9)	N/A (N/A,N/A)	0.0 (0.0,84.2)	44.6	43.3
simadna_hd.fq	499886	499886	499886	 1.0	Bovidae	Ovis_dalli	31	30	-	3	7	37.5 (8.5,75.5)	0.0 (0.0,41.0)	N/A (N/A,N/A)	0.0 (0.0,84.2)	43.8	42.6
simadna_hd.fq	499886	499886	499886	 1.0	Bovidae	Ovis_nivicola_lydekkeri	31	30	-	3	5	28.6 (3.7,71.0)	12.5 (0.3,52.7)	0.0 (0.0,97.5)	0.0 (0.0,97.5)	44.3	43.8
simadna_hd.fq	499886	499886	499886	 1.0	Bovidae	Ovis_orientalis	26	26	-	2	5	28.6 (3.7,71.0)	0.0 (0.0,41.0)	N/A (N/A,N/A)	0.0 (0.0,97.5)	43.4	41.0
simadna_hd.fq	499886	499886	499886	 1.0	Bovidae	Ovis_vignei	24	24	-	1	4	25.0 (0.6,80.6)	0.0 (0.0,45.9)	N/A (N/A,N/A)	N/A (N/A,N/A)	43.6	39.8
simadna_hd.fq	499886	499886	499886	 1.0	Bovidae	Pantholops_hodgsonii	30	29	-	2	5	33.3 (0.8,90.6)	16.7 (0.4,64.1)	N/A (N/A,N/A)	N/A (N/A,N/A)	42.8	43.0
simadna_hd.fq	499886	499886	499886	 1.0	Bovidae	Pelea_capreolus	18	18	-	1	6	50.0 (1.3,98.7)	0.0 (0.0,60.2)	N/A (N/A,N/A)	0.0 (0.0,97.5)	43.8	41.8
simadna_hd.fq	499886	499886	499886	 1.0	Bovidae	Philantomba_maxwellii	46	45	-	2	6	16.7 (0.4,64.1)	11.1 (0.3,48.2)	N/A (N/A,N/A)	N/A (N/A,N/A)	46.7	43.2
simadna_hd.fq	499886	499886	499886	 1.0	Bovidae	Philantomba_monticola	30	29	-	1	4	20.0 (0.5,71.6)	0.0 (0.0,52.2)	N/A (N/A,N/A)	N/A (N/A,N/A)	42.5	48.0
simadna_hd.fq	499886	499886	499886	 1.0	Bovidae	Procapra_gutturosa	23	23	-	1	4	50.0 (1.3,98.7)	0.0 (0.0,45.9)	N/A (N/A,N/A)	0.0 (0.0,97.5)	44.3	46.8
simadna_hd.fq	499886	499886	499886	 1.0	Bovidae	Procapra_przewalskii	22	22	-	1	5	50.0 (1.3,98.7)	0.0 (0.0,45.9)	N/A (N/A,N/A)	0.0 (0.0,97.5)	44.7	46.6
simadna_hd.fq	499886	499886	499886	 1.0	Bovidae	Pseudois_nayaur	34	34	-	0	3	0.0 (0.0,70.8)	0.0 (0.0,45.9)	N/A (N/A,N/A)	N/A (N/A,N/A)	42.5	39.7
simadna_hd.fq	499886	499886	499886	 1.0	Bovidae	Pseudois_schaeferi	28	28	-	0	3	0.0 (0.0,84.2)	0.0 (0.0,52.2)	N/A (N/A,N/A)	N/A (N/A,N/A)	42.3	39.7
simadna_hd.fq	499886	499886	499886	 1.0	Bovidae	Pseudoryx_nghetinhensis	47	46	-	6	9	28.6 (3.7,71.0)	28.6 (8.4,58.1)	N/A (N/A,N/A)	0.0 (0.0,97.5)	44.5	44.7
simadna_hd.fq	499886	499886	499886	 1.0	Bovidae	Raphicerus_campestris	16	16	-	2	4	50.0 (6.8,93.2)	0.0 (0.0,60.2)	N/A (N/A,N/A)	0.0 (0.0,97.5)	43.4	42.2
simadna_hd.fq	499886	499886	499886	 1.0	Bovidae	Redunca_arundinum	22	22	-	2	5	0.0 (0.0,84.2)	33.3 (4.3,77.7)	N/A (N/A,N/A)	N/A (N/A,N/A)	42.8	45.8
simadna_hd.fq	499886	499886	499886	 1.0	Bovidae	Redunca_fulvorufula	21	21	-	0	4	0.0 (0.0,84.2)	0.0 (0.0,41.0)	N/A (N/A,N/A)	N/A (N/A,N/A)	44.4	43.8
simadna_hd.fq	499886	499886	499886	 1.0	Bovidae	Rupicapra_pyrenaica	24	24	-	1	5	0.0 (0.0,60.2)	20.0 (0.5,71.6)	0.0 (0.0,97.5)	N/A (N/A,N/A)	41.4	44.4
simadna_hd.fq	499886	499886	499886	 1.0	Bovidae	Rupicapra_rupicapra	20	20	-	2	4	50.0 (6.8,93.2)	0.0 (0.0,52.2)	N/A (N/A,N/A)	0.0 (0.0,84.2)	43.0	48.0
simadna_hd.fq	499886	499886	499886	 1.0	Bovidae	Saiga_tatarica	26	25	-	1	2	0.0 (0.0,70.8)	14.3 (0.4,57.9)	0.0 (0.0,97.5)	N/A (N/A,N/A)	43.7	46.5
simadna_hd.fq	499886	499886	499886	 1.0	Bovidae	Sylvicapra_grimmia	30	29	-	1	4	12.5 (0.3,52.7)	0.0 (0.0,33.6)	N/A (N/A,N/A)	0.0 (0.0,97.5)	42.7	41.2
simadna_hd.fq	499886	499886	499886	 1.0	Bovidae	Syncerus_caffer	57	55	-	3	4	25.0 (3.2,65.1)	10.0 (0.3,44.5)	N/A (N/A,N/A)	0.0 (0.0,97.5)	46.2	42.8
simadna_hd.fq	499886	499886	499886	 1.0	Bovidae	Taurotragus_derbianus	36	35	-	1	8	0.0 (0.0,70.8)	12.5 (0.3,52.7)	N/A (N/A,N/A)	N/A (N/A,N/A)	44.0	44.2
simadna_hd.fq	499886	499886	499886	 1.0	Bovidae	Tetracerus_quadricornis	49	48	-	0	5	0.0 (0.0,52.2)	0.0 (0.0,30.8)	N/A (N/A,N/A)	N/A (N/A,N/A)	44.5	44.6
simadna_hd.fq	499886	499886	499886	 1.0	Bovidae	Tragelaphus_angasii	32	31	-	4	8	16.7 (0.4,64.1)	33.3 (7.5,70.1)	0.0 (0.0,97.5)	N/A (N/A,N/A)	44.3	46.5
simadna_hd.fq	499886	499886	499886	 1.0	Bovidae	Tragelaphus_buxtoni	37	36	-	2	6	33.3 (4.3,77.7)	0.0 (0.0,45.9)	N/A (N/A,N/A)	N/A (N/A,N/A)	45.0	41.5
simadna_hd.fq	499886	499886	499886	 1.0	Bovidae	Tragelaphus_eurycerus	39	38	-	1	7	25.0 (0.6,80.6)	0.0 (0.0,45.9)	N/A (N/A,N/A)	N/A (N/A,N/A)	44.7	41.6
simadna_hd.fq	499886	499886	499886	 1.0	Bovidae	Tragelaphus_imberbis	37	36	-	3	8	33.3 (4.3,77.7)	12.5 (0.3,52.7)	N/A (N/A,N/A)	N/A (N/A,N/A)	44.6	46.1
simadna_hd.fq	499886	499886	499886	 1.0	Bovidae	Tragelaphus_oryx	26	25	-	0	4	0.0 (0.0,84.2)	0.0 (0.0,52.2)	N/A (N/A,N/A)	N/A (N/A,N/A)	44.5	38.5
simadna_hd.fq	499886	499886	499886	 1.0	Bovidae	Tragelaphus_scriptus	34	33	-	1	5	0.0 (0.0,60.2)	14.3 (0.4,57.9)	N/A (N/A,N/A)	N/A (N/A,N/A)	44.2	45.4
simadna_hd.fq	499886	499886	499886	 1.0	Bovidae	Tragelaphus_spekii	36	35	-	0	3	0.0 (0.0,60.2)	0.0 (0.0,45.9)	N/A (N/A,N/A)	N/A (N/A,N/A)	45.5	45.7
simadna_hd.fq	499886	499886	499886	 1.0	Bovidae	Tragelaphus_strepsiceros	20	19	-	0	2	0.0 (0.0,84.2)	0.0 (0.0,60.2)	N/A (N/A,N/A)	N/A (N/A,N/A)	44.9	48.0
simadna_hd.fq	499886	499886	499886	 1.0	Canidae	Vulpes_corsac	1	1	-	0	0	N/A (N/A,N/A)	N/A (N/A,N/A)	N/A (N/A,N/A)	N/A (N/A,N/A)	38.0	N/A
simadna_hd.fq	499886	499886	499886	 1.0	Canidae	Vulpes_ferrilata	1	1	-	0	0	N/A (N/A,N/A)	N/A (N/A,N/A)	N/A (N/A,N/A)	N/A (N/A,N/A)	38.0	N/A
simadna_hd.fq	499886	499886	499886	 1.0	Canidae	Vulpes_vulpes	1	1	-	0	0	N/A (N/A,N/A)	N/A (N/A,N/A)	N/A (N/A,N/A)	N/A (N/A,N/A)	38.0	N/A
simadna_hd.fq	499886	499886	499886	 1.0	Canidae	Vulpes_zerda	1	1	-	0	0	N/A (N/A,N/A)	N/A (N/A,N/A)	N/A (N/A,N/A)	N/A (N/A,N/A)	38.0	N/A
simadna_hd.fq	499886	499886	499886	 1.0	Cervidae	Axis_axis	1	1	-	0	0	N/A (N/A,N/A)	N/A (N/A,N/A)	N/A (N/A,N/A)	N/A (N/A,N/A)	40.0	N/A
simadna_hd.fq	499886	499886	499886	 1.0	Cervidae	Capreolus_pygargus	1	1	-	0	0	N/A (N/A,N/A)	N/A (N/A,N/A)	N/A (N/A,N/A)	N/A (N/A,N/A)	40.0	N/A
simadna_hd.fq	499886	499886	499886	 1.0	Cervidae	Capreolus_pygargus_tianschanicus	1	1	-	0	0	N/A (N/A,N/A)	N/A (N/A,N/A)	N/A (N/A,N/A)	N/A (N/A,N/A)	40.0	N/A
simadna_hd.fq	499886	499886	499886	 1.0	Cervidae	Cervus_albirostris	1	1	-	0	0	N/A (N/A,N/A)	N/A (N/A,N/A)	N/A (N/A,N/A)	N/A (N/A,N/A)	40.0	N/A
simadna_hd.fq	499886	499886	499886	 1.0	Cervidae	Cervus_canadensis	1	1	-	0	0	N/A (N/A,N/A)	N/A (N/A,N/A)	N/A (N/A,N/A)	N/A (N/A,N/A)	40.0	N/A
simadna_hd.fq	499886	499886	499886	 1.0	Cervidae	Cervus_canadensis_songaricus	1	1	-	0	0	N/A (N/A,N/A)	N/A (N/A,N/A)	N/A (N/A,N/A)	N/A (N/A,N/A)	40.0	N/A
simadna_hd.fq	499886	499886	499886	 1.0	Cervidae	Cervus_elaphus	1	1	-	0	0	N/A (N/A,N/A)	N/A (N/A,N/A)	N/A (N/A,N/A)	N/A (N/A,N/A)	40.0	N/A
simadna_hd.fq	499886	499886	499886	 1.0	Cervidae	Cervus_elaphus_kansuensis	1	1	-	0	0	N/A (N/A,N/A)	N/A (N/A,N/A)	N/A (N/A,N/A)	N/A (N/A,N/A)	40.0	N/A
simadna_hd.fq	499886	499886	499886	 1.0	Cervidae	Cervus_elaphus_xanthopygus	1	1	-	0	0	N/A (N/A,N/A)	N/A (N/A,N/A)	N/A (N/A,N/A)	N/A (N/A,N/A)	40.0	N/A
simadna_hd.fq	499886	499886	499886	 1.0	Cervidae	Cervus_hanglu_yarkandensis	1	1	-	0	0	N/A (N/A,N/A)	N/A (N/A,N/A)	N/A (N/A,N/A)	N/A (N/A,N/A)	40.0	N/A
simadna_hd.fq	499886	499886	499886	 1.0	Cervidae	Cervus_nippon_centralis	1	1	-	0	0	N/A (N/A,N/A)	N/A (N/A,N/A)	N/A (N/A,N/A)	N/A (N/A,N/A)	40.0	N/A
simadna_hd.fq	499886	499886	499886	 1.0	Cervidae	Cervus_nippon_hortulorum	1	1	-	0	0	N/A (N/A,N/A)	N/A (N/A,N/A)	N/A (N/A,N/A)	N/A (N/A,N/A)	40.0	N/A
simadna_hd.fq	499886	499886	499886	 1.0	Cervidae	Cervus_nippon_kopschi	1	1	-	0	0	N/A (N/A,N/A)	N/A (N/A,N/A)	N/A (N/A,N/A)	N/A (N/A,N/A)	40.0	N/A
simadna_hd.fq	499886	499886	499886	 1.0	Cervidae	Cervus_nippon_sichuanicus	1	1	-	0	0	N/A (N/A,N/A)	N/A (N/A,N/A)	N/A (N/A,N/A)	N/A (N/A,N/A)	40.0	N/A
simadna_hd.fq	499886	499886	499886	 1.0	Cervidae	Cervus_nippon_taiouanus	1	1	-	0	0	N/A (N/A,N/A)	N/A (N/A,N/A)	N/A (N/A,N/A)	N/A (N/A,N/A)	40.0	N/A
simadna_hd.fq	499886	499886	499886	 1.0	Cervidae	Cervus_nippon_yakushimae	1	1	-	0	0	N/A (N/A,N/A)	N/A (N/A,N/A)	N/A (N/A,N/A)	N/A (N/A,N/A)	40.0	N/A
simadna_hd.fq	499886	499886	499886	 1.0	Cervidae	Cervus_nippon_yesoensis	1	1	-	0	0	N/A (N/A,N/A)	N/A (N/A,N/A)	N/A (N/A,N/A)	N/A (N/A,N/A)	40.0	N/A
simadna_hd.fq	499886	499886	499886	 1.0	Cervidae	Dama_dama	1	1	-	0	0	N/A (N/A,N/A)	N/A (N/A,N/A)	N/A (N/A,N/A)	N/A (N/A,N/A)	40.0	N/A
simadna_hd.fq	499886	499886	499886	 1.0	Cervidae	Hydropotes_inermis_argyropus	1	1	-	0	0	N/A (N/A,N/A)	N/A (N/A,N/A)	N/A (N/A,N/A)	N/A (N/A,N/A)	40.0	N/A
simadna_hd.fq	499886	499886	499886	 1.0	Cervidae	Mazama_americana	1	1	-	0	0	N/A (N/A,N/A)	N/A (N/A,N/A)	N/A (N/A,N/A)	N/A (N/A,N/A)	40.0	N/A
simadna_hd.fq	499886	499886	499886	 1.0	Cervidae	Mazama_bororo	1	1	-	0	0	N/A (N/A,N/A)	N/A (N/A,N/A)	N/A (N/A,N/A)	N/A (N/A,N/A)	40.0	N/A
simadna_hd.fq	499886	499886	499886	 1.0	Cervidae	Mazama_nana	1	1	-	0	0	N/A (N/A,N/A)	N/A (N/A,N/A)	N/A (N/A,N/A)	N/A (N/A,N/A)	40.0	N/A
simadna_hd.fq	499886	499886	499886	 1.0	Cervidae	Rusa_alfredi	1	1	-	0	0	N/A (N/A,N/A)	N/A (N/A,N/A)	N/A (N/A,N/A)	N/A (N/A,N/A)	40.0	N/A
simadna_hd.fq	499886	499886	499886	 1.0	Cervidae	Rusa_timorensis	1	1	-	0	0	N/A (N/A,N/A)	N/A (N/A,N/A)	N/A (N/A,N/A)	N/A (N/A,N/A)	40.0	N/A
simadna_hd.fq	499886	499886	499886	 1.0	Cervidae	Rusa_unicolor	1	1	-	0	0	N/A (N/A,N/A)	N/A (N/A,N/A)	N/A (N/A,N/A)	N/A (N/A,N/A)	40.0	N/A
simadna_hd.fq	499886	499886	499886	 1.0	Cervidae	Rusa_unicolor_swinhoei	1	1	-	0	0	N/A (N/A,N/A)	N/A (N/A,N/A)	N/A (N/A,N/A)	N/A (N/A,N/A)	40.0	N/A
simadna_hd.fq	499886	499886	499886	 1.0	Elephantidae	Elephas_antiquus	75	75	+	8	19	20.0 (4.3,48.1)	38.5 (13.9,68.4)	0.0 (0.0,97.5)	N/A (N/A,N/A)	51.0	51.7
simadna_hd.fq	499886	499886	499886	 1.0	Elephantidae	Elephas_maximus	81	81	+	12	25	42.1 (20.3,66.5)	26.7 (7.8,55.1)	0.0 (0.0,97.5)	0.0 (0.0,84.2)	49.0	48.0
simadna_hd.fq	499886	499886	499886	 1.0	Elephantidae	Loxodonta_africana	69	69	++	11	26	37.5 (15.2,64.6)	45.5 (16.7,76.6)	0.0 (0.0,97.5)	0.0 (0.0,97.5)	48.8	48.7
simadna_hd.fq	499886	499886	499886	 1.0	Elephantidae	Loxodonta_cyclotis	80	80	+	7	20	13.3 (1.7,40.5)	38.5 (13.9,68.4)	0.0 (0.0,97.5)	N/A (N/A,N/A)	51.0	50.8
simadna_hd.fq	499886	499886	499886	 1.0	Elephantidae	Mammut_americanum	19	19	-	2	4	0.0 (0.0,84.2)	100.0 (15.8,100.0)	N/A (N/A,N/A)	N/A (N/A,N/A)	44.5	47.0
simadna_hd.fq	499886	499886	499886	 1.0	Elephantidae	Mammuthus_columbi	125	125	++	17	34	33.3 (16.5,54.0)	35.7 (18.6,55.9)	50.0 (6.8,93.2)	50.0 (6.8,93.2)	51.9	50.6
simadna_hd.fq	499886	499886	499886	 1.0	Elephantidae	Mammuthus_primigenius	128	128	++	19	36	39.3 (21.5,59.4)	37.0 (19.4,57.6)	50.0 (6.8,93.2)	50.0 (6.8,93.2)	52.0	50.5
simadna_hd.fq	499886	499886	499886	 1.0	Felidae	Felis_catus	1	1	-	0	0	N/A (N/A,N/A)	N/A (N/A,N/A)	N/A (N/A,N/A)	N/A (N/A,N/A)	45.0	N/A
simadna_hd.fq	499886	499886	499886	 1.0	Felidae	Felis_chaus	1	1	-	0	0	N/A (N/A,N/A)	N/A (N/A,N/A)	N/A (N/A,N/A)	N/A (N/A,N/A)	49.0	N/A
simadna_hd.fq	499886	499886	499886	 1.0	Felidae	Felis_nigripes	1	1	-	0	0	0.0 (0.0,97.5)	N/A (N/A,N/A)	N/A (N/A,N/A)	N/A (N/A,N/A)	40.0	N/A
simadna_hd.fq	499886	499886	499886	 1.0	Felidae	Felis_silvestris	2	2	-	0	0	N/A (N/A,N/A)	N/A (N/A,N/A)	N/A (N/A,N/A)	N/A (N/A,N/A)	47.0	N/A
simadna_hd.fq	499886	499886	499886	 1.0	Felidae	Leopardus_colocolo	2	2	-	0	0	0.0 (0.0,97.5)	N/A (N/A,N/A)	N/A (N/A,N/A)	N/A (N/A,N/A)	38.0	N/A
simadna_hd.fq	499886	499886	499886	 1.0	Felidae	Leopardus_pardalis	1	1	-	0	0	0.0 (0.0,97.5)	N/A (N/A,N/A)	N/A (N/A,N/A)	N/A (N/A,N/A)	40.0	N/A
simadna_hd.fq	499886	499886	499886	 1.0	Felidae	Leopardus_wiedii	1	1	-	0	0	0.0 (0.0,97.5)	N/A (N/A,N/A)	N/A (N/A,N/A)	N/A (N/A,N/A)	40.0	N/A
simadna_hd.fq	499886	499886	499886	 1.0	Felidae	Panthera_onca	1	1	-	0	0	N/A (N/A,N/A)	0.0 (0.0,97.5)	N/A (N/A,N/A)	N/A (N/A,N/A)	37.0	N/A
simadna_hd.fq	499886	499886	499886	 1.0	Felidae	Prionailurus_viverrinus	1	1	-	0	0	N/A (N/A,N/A)	N/A (N/A,N/A)	N/A (N/A,N/A)	N/A (N/A,N/A)	36.0	N/A
simadna_hd.fq	499886	499886	499886	 1.0	Felidae	Profelis_aurata	1	1	-	0	0	0.0 (0.0,97.5)	N/A (N/A,N/A)	N/A (N/A,N/A)	N/A (N/A,N/A)	40.0	N/A
simadna_hd.fq	499886	499886	499886	 1.0	Hominidae	Gorilla_beringei	1	1	-	0	0	N/A (N/A,N/A)	N/A (N/A,N/A)	N/A (N/A,N/A)	N/A (N/A,N/A)	52.0	N/A
simadna_hd.fq	499886	499886	499886	 1.0	Hominidae	Gorilla_gorilla	2	2	-	0	0	N/A (N/A,N/A)	N/A (N/A,N/A)	N/A (N/A,N/A)	N/A (N/A,N/A)	54.0	N/A
simadna_hd.fq	499886	499886	499886	 1.0	Hominidae	Gorilla_gorilla_gorilla	1	1	-	0	0	N/A (N/A,N/A)	N/A (N/A,N/A)	N/A (N/A,N/A)	N/A (N/A,N/A)	52.0	N/A
simadna_hd.fq	499886	499886	499886	 1.0	Hominidae	Homo_heidelbergensis	21	21	+	4	8	100.0 (15.8,100.0)	50.0 (6.8,93.2)	N/A (N/A,N/A)	0.0 (0.0,97.5)	57.1	55.0
simadna_hd.fq	499886	499886	499886	 1.0	Hominidae	Homo_sapiens	27	27	++	5	10	100.0 (29.2,100.0)	50.0 (11.8,88.2)	100.0 (2.5,100.0)	50.0 (1.3,98.7)	56.3	54.9
simadna_hd.fq	499886	499886	499886	 1.0	Hominidae	Homo_sapiens_neanderthalensis	27	27	++	6	11	100.0 (29.2,100.0)	57.1 (18.4,90.1)	100.0 (2.5,100.0)	50.0 (1.3,98.7)	56.3	54.3
simadna_hd.fq	499886	499886	499886	 1.0	Hominidae	Homo_sapiens_subsp._'Denisova'	22	22	+	4	8	100.0 (15.8,100.0)	40.0 (5.3,85.3)	N/A (N/A,N/A)	0.0 (0.0,97.5)	56.5	55.5
simadna_hd.fq	499886	499886	499886	 1.0	Hominidae	Pan_paniscus	4	4	-	1	1	N/A (N/A,N/A)	100.0 (2.5,100.0)	N/A (N/A,N/A)	N/A (N/A,N/A)	50.2	48.0
simadna_hd.fq	499886	499886	499886	 1.0	Hominidae	Pan_troglodytes	4	4	-	1	1	N/A (N/A,N/A)	100.0 (2.5,100.0)	N/A (N/A,N/A)	N/A (N/A,N/A)	50.2	48.0
simadna_hd.fq	499886	499886	499886	 1.0	Hominidae	Pongo_abelii	2	2	-	0	0	N/A (N/A,N/A)	N/A (N/A,N/A)	N/A (N/A,N/A)	N/A (N/A,N/A)	43.5	N/A
simadna_hd.fq	499886	499886	499886	 1.0	Hominidae	Pongo_pygmaeus	1	1	-	0	0	N/A (N/A,N/A)	N/A (N/A,N/A)	N/A (N/A,N/A)	N/A (N/A,N/A)	52.0	N/A
simadna_hd.fq	499886	499886	499886	 1.0	Hyaenidae	Crocuta_crocuta	1105	1079	++	123	240	30.4 (24.3,37.0)	29.8 (23.6,36.5)	20.0 (4.3,48.1)	25.0 (5.5,57.2)	52.6	51.5
simadna_hd.fq	499886	499886	499886	 1.0	Hyaenidae	Hyaena_hyaena	168	166	-	11	23	17.9 (6.1,36.9)	21.4 (8.3,41.0)	0.0 (0.0,97.5)	N/A (N/A,N/A)	46.5	44.5
simadna_hd.fq	499886	499886	499886	 1.0	Hyaenidae	Parahyaena_brunnea	181	179	-	10	24	14.3 (4.0,32.7)	21.4 (8.3,41.0)	N/A (N/A,N/A)	0.0 (0.0,97.5)	46.3	48.2
simadna_hd.fq	499886	499886	499886	 1.0	Hyaenidae	Proteles_cristata	110	107	-	4	12	0.0 (0.0,24.7)	26.7 (7.8,55.1)	N/A (N/A,N/A)	N/A (N/A,N/A)	45.1	44.0
simadna_hd.fq	499886	499886	499886	 1.0	Muridae	Meriones_libycus	1	1	-	0	0	0.0 (0.0,97.5)	N/A (N/A,N/A)	N/A (N/A,N/A)	N/A (N/A,N/A)	40.0	N/A
simadna_hd.fq	499886	499886	499886	 1.0	Muridae	Mus_musculus_castaneus	1	1	-	0	0	N/A (N/A,N/A)	N/A (N/A,N/A)	N/A (N/A,N/A)	N/A (N/A,N/A)	40.0	N/A
simadna_hd.fq	499886	499886	499886	 1.0	Muridae	Mus_spretus	1	1	-	0	0	0.0 (0.0,97.5)	N/A (N/A,N/A)	N/A (N/A,N/A)	N/A (N/A,N/A)	40.0	N/A
simadna_hd.fq	499886	499886	499886	 1.0	Muridae	Mus_terricolor	1	1	-	0	0	N/A (N/A,N/A)	N/A (N/A,N/A)	N/A (N/A,N/A)	N/A (N/A,N/A)	40.0	N/A
simadna_hd.fq	499886	499886	499886	 1.0	Muridae	Niviventer_confucianus	1	1	-	0	0	N/A (N/A,N/A)	N/A (N/A,N/A)	N/A (N/A,N/A)	N/A (N/A,N/A)	40.0	N/A
simadna_hd.fq	499886	499886	499886	 1.0	Muridae	Stenocephalemys_sokolovi	1	1	-	0	0	0.0 (0.0,97.5)	N/A (N/A,N/A)	N/A (N/A,N/A)	N/A (N/A,N/A)	40.0	N/A
simadna_hd.fq	499886	499886	499886	 1.0	Mustelidae	Aonyx_capensis	2	2	-	1	1	N/A (N/A,N/A)	100.0 (2.5,100.0)	N/A (N/A,N/A)	N/A (N/A,N/A)	40.0	41.0
simadna_hd.fq	499886	499886	499886	 1.0	Mustelidae	Aonyx_cinereus	1	1	-	0	0	N/A (N/A,N/A)	N/A (N/A,N/A)	N/A (N/A,N/A)	N/A (N/A,N/A)	38.0	N/A
simadna_hd.fq	499886	499886	499886	 1.0	Mustelidae	Arctonyx_collaris	2	2	-	0	0	N/A (N/A,N/A)	N/A (N/A,N/A)	N/A (N/A,N/A)	N/A (N/A,N/A)	40.0	N/A
simadna_hd.fq	499886	499886	499886	 1.0	Mustelidae	Enhydra_lutris	2	2	-	0	0	N/A (N/A,N/A)	N/A (N/A,N/A)	N/A (N/A,N/A)	N/A (N/A,N/A)	40.0	N/A
simadna_hd.fq	499886	499886	499886	 1.0	Mustelidae	Galictis_vittata	1	1	-	0	0	N/A (N/A,N/A)	N/A (N/A,N/A)	N/A (N/A,N/A)	N/A (N/A,N/A)	39.0	N/A
simadna_hd.fq	499886	499886	499886	 1.0	Mustelidae	Gulo_gulo	1	1	-	0	0	N/A (N/A,N/A)	N/A (N/A,N/A)	N/A (N/A,N/A)	N/A (N/A,N/A)	41.0	N/A
simadna_hd.fq	499886	499886	499886	 1.0	Mustelidae	Hydrictis_maculicollis	2	2	-	1	1	N/A (N/A,N/A)	100.0 (2.5,100.0)	N/A (N/A,N/A)	N/A (N/A,N/A)	40.0	41.0
simadna_hd.fq	499886	499886	499886	 1.0	Mustelidae	Ictonyx_libycus	2	2	-	0	0	N/A (N/A,N/A)	N/A (N/A,N/A)	N/A (N/A,N/A)	N/A (N/A,N/A)	40.0	N/A
simadna_hd.fq	499886	499886	499886	 1.0	Mustelidae	Ictonyx_striatus	2	2	-	0	0	N/A (N/A,N/A)	N/A (N/A,N/A)	N/A (N/A,N/A)	N/A (N/A,N/A)	40.0	N/A
simadna_hd.fq	499886	499886	499886	 1.0	Mustelidae	Lontra_canadensis	2	2	-	0	0	N/A (N/A,N/A)	N/A (N/A,N/A)	N/A (N/A,N/A)	N/A (N/A,N/A)	40.0	N/A
simadna_hd.fq	499886	499886	499886	 1.0	Mustelidae	Lutra_lutra	2	2	-	0	0	N/A (N/A,N/A)	N/A (N/A,N/A)	N/A (N/A,N/A)	N/A (N/A,N/A)	40.0	N/A
simadna_hd.fq	499886	499886	499886	 1.0	Mustelidae	Lutra_sumatrana	2	2	-	0	0	N/A (N/A,N/A)	N/A (N/A,N/A)	N/A (N/A,N/A)	N/A (N/A,N/A)	40.0	N/A
simadna_hd.fq	499886	499886	499886	 1.0	Mustelidae	Lutrogale_perspicillata	2	2	-	1	1	N/A (N/A,N/A)	100.0 (2.5,100.0)	N/A (N/A,N/A)	N/A (N/A,N/A)	39.5	41.0
simadna_hd.fq	499886	499886	499886	 1.0	Mustelidae	Martes_americana	1	1	-	0	0	N/A (N/A,N/A)	N/A (N/A,N/A)	N/A (N/A,N/A)	N/A (N/A,N/A)	41.0	N/A
simadna_hd.fq	499886	499886	499886	 1.0	Mustelidae	Martes_flavigula	1	1	-	0	0	N/A (N/A,N/A)	N/A (N/A,N/A)	N/A (N/A,N/A)	N/A (N/A,N/A)	41.0	N/A
simadna_hd.fq	499886	499886	499886	 1.0	Mustelidae	Martes_foina	1	1	-	0	0	N/A (N/A,N/A)	N/A (N/A,N/A)	N/A (N/A,N/A)	N/A (N/A,N/A)	39.0	N/A
simadna_hd.fq	499886	499886	499886	 1.0	Mustelidae	Martes_martes	1	1	-	0	0	N/A (N/A,N/A)	N/A (N/A,N/A)	N/A (N/A,N/A)	N/A (N/A,N/A)	41.0	N/A
simadna_hd.fq	499886	499886	499886	 1.0	Mustelidae	Martes_melampus	1	1	-	0	0	N/A (N/A,N/A)	N/A (N/A,N/A)	N/A (N/A,N/A)	N/A (N/A,N/A)	41.0	N/A
simadna_hd.fq	499886	499886	499886	 1.0	Mustelidae	Martes_zibellina	1	1	-	0	0	N/A (N/A,N/A)	N/A (N/A,N/A)	N/A (N/A,N/A)	N/A (N/A,N/A)	41.0	N/A
simadna_hd.fq	499886	499886	499886	 1.0	Mustelidae	Meles_anakuma	1	1	-	0	0	N/A (N/A,N/A)	N/A (N/A,N/A)	N/A (N/A,N/A)	N/A (N/A,N/A)	39.0	N/A
simadna_hd.fq	499886	499886	499886	 1.0	Mustelidae	Meles_leucurus	1	1	-	0	0	N/A (N/A,N/A)	N/A (N/A,N/A)	N/A (N/A,N/A)	N/A (N/A,N/A)	39.0	N/A
simadna_hd.fq	499886	499886	499886	 1.0	Mustelidae	Meles_meles	1	1	-	0	0	N/A (N/A,N/A)	N/A (N/A,N/A)	N/A (N/A,N/A)	N/A (N/A,N/A)	39.0	N/A
simadna_hd.fq	499886	499886	499886	 1.0	Mustelidae	Mellivora_capensis	2	2	-	0	0	N/A (N/A,N/A)	N/A (N/A,N/A)	N/A (N/A,N/A)	N/A (N/A,N/A)	40.0	N/A
simadna_hd.fq	499886	499886	499886	 1.0	Mustelidae	Melogale_moschata	2	2	-	1	1	N/A (N/A,N/A)	100.0 (2.5,100.0)	N/A (N/A,N/A)	N/A (N/A,N/A)	40.0	41.0
simadna_hd.fq	499886	499886	499886	 1.0	Mustelidae	Mustela_altaica	1	1	-	0	0	N/A (N/A,N/A)	N/A (N/A,N/A)	N/A (N/A,N/A)	N/A (N/A,N/A)	39.0	N/A
simadna_hd.fq	499886	499886	499886	 1.0	Mustelidae	Mustela_erminea	1	1	-	0	0	N/A (N/A,N/A)	N/A (N/A,N/A)	N/A (N/A,N/A)	N/A (N/A,N/A)	39.0	N/A
simadna_hd.fq	499886	499886	499886	 1.0	Mustelidae	Mustela_eversmannii	1	1	-	0	0	N/A (N/A,N/A)	N/A (N/A,N/A)	N/A (N/A,N/A)	N/A (N/A,N/A)	39.0	N/A
simadna_hd.fq	499886	499886	499886	 1.0	Mustelidae	Mustela_frenata	2	2	-	0	0	N/A (N/A,N/A)	N/A (N/A,N/A)	N/A (N/A,N/A)	N/A (N/A,N/A)	40.0	N/A
simadna_hd.fq	499886	499886	499886	 1.0	Mustelidae	Mustela_itatsi	1	1	-	0	0	N/A (N/A,N/A)	N/A (N/A,N/A)	N/A (N/A,N/A)	N/A (N/A,N/A)	39.0	N/A
simadna_hd.fq	499886	499886	499886	 1.0	Mustelidae	Mustela_kathiah	2	2	-	0	0	N/A (N/A,N/A)	N/A (N/A,N/A)	N/A (N/A,N/A)	N/A (N/A,N/A)	40.0	N/A
simadna_hd.fq	499886	499886	499886	 1.0	Mustelidae	Mustela_lutreola	1	1	-	0	0	N/A (N/A,N/A)	N/A (N/A,N/A)	N/A (N/A,N/A)	N/A (N/A,N/A)	39.0	N/A
simadna_hd.fq	499886	499886	499886	 1.0	Mustelidae	Mustela_nigripes	1	1	-	0	0	N/A (N/A,N/A)	N/A (N/A,N/A)	N/A (N/A,N/A)	N/A (N/A,N/A)	39.0	N/A
simadna_hd.fq	499886	499886	499886	 1.0	Mustelidae	Mustela_nivalis	2	2	-	0	0	N/A (N/A,N/A)	N/A (N/A,N/A)	N/A (N/A,N/A)	N/A (N/A,N/A)	40.0	N/A
simadna_hd.fq	499886	499886	499886	 1.0	Mustelidae	Mustela_putorius	1	1	-	0	0	N/A (N/A,N/A)	N/A (N/A,N/A)	N/A (N/A,N/A)	N/A (N/A,N/A)	39.0	N/A
simadna_hd.fq	499886	499886	499886	 1.0	Mustelidae	Mustela_sibirica	2	2	-	0	0	N/A (N/A,N/A)	N/A (N/A,N/A)	N/A (N/A,N/A)	N/A (N/A,N/A)	38.5	N/A
simadna_hd.fq	499886	499886	499886	 1.0	Mustelidae	Neogale_vison	2	2	-	1	1	N/A (N/A,N/A)	100.0 (2.5,100.0)	N/A (N/A,N/A)	N/A (N/A,N/A)	40.0	41.0
simadna_hd.fq	499886	499886	499886	 1.0	Mustelidae	Poecilogale_albinucha	2	2	-	0	0	N/A (N/A,N/A)	N/A (N/A,N/A)	N/A (N/A,N/A)	N/A (N/A,N/A)	40.0	N/A
simadna_hd.fq	499886	499886	499886	 1.0	Mustelidae	Pteronura_brasiliensis	2	2	-	0	0	N/A (N/A,N/A)	N/A (N/A,N/A)	N/A (N/A,N/A)	N/A (N/A,N/A)	40.0	N/A
simadna_hd.fq	499886	499886	499886	 1.0	Mustelidae	Taxidea_taxus	1	1	-	0	0	N/A (N/A,N/A)	N/A (N/A,N/A)	N/A (N/A,N/A)	N/A (N/A,N/A)	39.0	N/A
simadna_hd.fq	499886	499886	499886	 1.0	Mustelidae	Vormela_peregusna	1	1	-	0	0	N/A (N/A,N/A)	N/A (N/A,N/A)	N/A (N/A,N/A)	N/A (N/A,N/A)	39.0	N/A
simadna_hd.fq	499886	499886	499886	 1.0	Phocidae	Pusa_sibirica	1	1	-	0	0	N/A (N/A,N/A)	N/A (N/A,N/A)	N/A (N/A,N/A)	N/A (N/A,N/A)	38.0	N/A
simadna_hd.fq	499886	499886	499886	 1.0	Phyllostomidae	Artibeus_lituratus	1	1	-	0	0	N/A (N/A,N/A)	N/A (N/A,N/A)	N/A (N/A,N/A)	N/A (N/A,N/A)	47.0	N/A
simadna_hd.fq	499886	499886	499886	 1.0	Suidae	Phacochoerus_africanus	56	55	+	5	8	10.0 (0.3,44.5)	44.4 (13.7,78.8)	0.0 (0.0,97.5)	0.0 (0.0,97.5)	48.9	48.1
simadna_hd.fq	499886	499886	499886	 1.0	Suidae	Porcula_salvania	88	88	+	6	14	12.5 (1.6,38.3)	33.3 (9.9,65.1)	0.0 (0.0,97.5)	N/A (N/A,N/A)	48.3	49.0
simadna_hd.fq	499886	499886	499886	 1.0	Suidae	Potamochoerus_porcus	46	45	-	4	7	25.0 (3.2,65.1)	33.3 (4.3,77.7)	N/A (N/A,N/A)	N/A (N/A,N/A)	48.0	44.3
simadna_hd.fq	499886	499886	499886	 1.0	Suidae	Sus_barbatus	330	326	++	29	56	25.5 (14.3,39.6)	28.1 (17.0,41.5)	0.0 (0.0,70.8)	0.0 (0.0,84.2)	51.6	51.9
simadna_hd.fq	499886	499886	499886	 1.0	Suidae	Sus_cebifrons	284	281	++	24	44	24.4 (12.9,39.5)	28.3 (16.0,43.5)	0.0 (0.0,84.2)	0.0 (0.0,97.5)	50.4	50.9
simadna_hd.fq	499886	499886	499886	 1.0	Suidae	Sus_celebensis	314	310	++	32	56	28.3 (16.0,43.5)	33.9 (22.1,47.4)	25.0 (0.6,80.6)	20.0 (0.5,71.6)	51.3	50.4
simadna_hd.fq	499886	499886	499886	 1.0	Suidae	Sus_scrofa	383	379	++	41	79	28.4 (18.0,40.7)	30.3 (20.2,41.9)	25.0 (0.6,80.6)	33.3 (0.8,90.6)	52.0	52.7
simadna_hd.fq	499886	499886	499886	 1.0	Suidae	Sus_scrofa_cristatus	338	335	++	29	61	28.6 (16.6,43.3)	27.6 (16.7,40.9)	25.0 (0.6,80.6)	25.0 (0.6,80.6)	51.8	52.0
simadna_hd.fq	499886	499886	499886	 1.0	Suidae	Sus_scrofa_domesticus	387	383	++	42	80	28.8 (18.3,41.3)	31.2 (21.1,42.7)	25.0 (0.6,80.6)	33.3 (0.8,90.6)	52.0	52.9
simadna_hd.fq	499886	499886	499886	 1.0	Suidae	Sus_scrofa_taivanus	416	412	++	48	88	31.6 (21.4,43.3)	29.1 (19.8,39.9)	25.0 (0.6,80.6)	20.0 (0.5,71.6)	52.4	52.2
simadna_hd.fq	499886	499886	499886	 1.0	Suidae	Sus_verrucosus	324	321	++	28	52	26.0 (14.6,40.3)	27.3 (16.1,41.0)	0.0 (0.0,70.8)	0.0 (0.0,70.8)	51.5	51.4
simadna_md.fq	499895	499895	499884	 1.0	Bovidae	Addax_nasomaculatus	52	52	-	0	2	0.0 (0.0,60.2)	0.0 (0.0,30.8)	N/A (N/A,N/A)	N/A (N/A,N/A)	44.5	36.0
simadna_md.fq	499895	499895	499884	 1.0	Bovidae	Aepyceros_melampus	39	39	-	4	6	0.0 (0.0,52.2)	36.4 (10.9,69.2)	N/A (N/A,N/A)	N/A (N/A,N/A)	46.9	43.3
simadna_md.fq	499895	499895	499884	 1.0	Bovidae	Alcelaphus_buselaphus	50	49	-	4	5	0.0 (0.0,41.0)	26.7 (7.8,55.1)	N/A (N/A,N/A)	N/A (N/A,N/A)	45.2	42.4
simadna_md.fq	499895	499895	499884	 1.0	Bovidae	Ammotragus_lervia	50	49	-	4	8	37.5 (8.5,75.5)	12.5 (0.3,52.7)	N/A (N/A,N/A)	N/A (N/A,N/A)	46.3	45.9
simadna_md.fq	499895	499895	499884	 1.0	Bovidae	Antidorcas_marsupialis	33	32	-	2	3	14.3 (0.4,57.9)	20.0 (2.5,55.6)	100.0 (2.5,100.0)	100.0 (2.5,100.0)	45.0	49.0
simadna_md.fq	499895	499895	499884	 1.0	Bovidae	Antilope_cervicapra	32	32	-	1	3	0.0 (0.0,52.2)	16.7 (0.4,64.1)	N/A (N/A,N/A)	N/A (N/A,N/A)	46.4	52.7
simadna_md.fq	499895	499895	499884	 1.0	Bovidae	Arabitragus_jayakari	48	47	+	5	6	25.0 (3.2,65.1)	42.9 (9.9,81.6)	N/A (N/A,N/A)	N/A (N/A,N/A)	44.4	42.5
simadna_md.fq	499895	499895	499884	 1.0	Bovidae	Beatragus_hunteri	43	42	-	5	6	28.6 (3.7,71.0)	23.1 (5.0,53.8)	N/A (N/A,N/A)	N/A (N/A,N/A)	44.2	44.3
simadna_md.fq	499895	499895	499884	 1.0	Bovidae	Bison_bison	561	554	-	30	52	15.2 (8.6,24.2)	15.0 (8.8,23.1)	0.0 (0.0,60.2)	0.0 (0.0,70.8)	50.0	50.6
simadna_md.fq	499895	499895	499884	 1.0	Bovidae	Bison_bonasus	664	651	-	35	62	15.4 (9.1,23.8)	15.1 (9.3,22.5)	0.0 (0.0,70.8)	0.0 (0.0,97.5)	50.5	50.7
simadna_md.fq	499895	499895	499884	 1.0	Bovidae	Bison_priscus	578	568	+	31	54	16.7 (9.6,26.0)	15.3 (9.2,23.4)	25.0 (0.6,80.6)	20.0 (0.5,71.6)	50.0	50.4
simadna_md.fq	499895	499895	499884	 1.0	Bovidae	Bison_schoetensacki	681	668	+	38	71	17.4 (10.8,25.9)	13.9 (8.6,20.8)	0.0 (0.0,70.8)	0.0 (0.0,97.5)	50.8	52.0
simadna_md.fq	499895	499895	499884	 1.0	Bovidae	Bootherium_bombifrons	33	33	-	2	4	0.0 (0.0,60.2)	20.0 (2.5,55.6)	N/A (N/A,N/A)	N/A (N/A,N/A)	44.4	40.0
simadna_md.fq	499895	499895	499884	 1.0	Bovidae	Bos_frontalis	517	510	-	23	49	13.4 (6.3,24.0)	14.3 (8.0,22.8)	0.0 (0.0,84.2)	0.0 (0.0,84.2)	50.4	48.3
simadna_md.fq	499895	499895	499884	 1.0	Bovidae	Bos_gaurus	510	502	-	20	46	12.7 (5.6,23.5)	12.6 (6.7,21.0)	0.0 (0.0,84.2)	0.0 (0.0,84.2)	50.4	48.1
simadna_md.fq	499895	499895	499884	 1.0	Bovidae	Bos_grunniens	504	496	+	26	50	18.4 (10.9,28.1)	10.5 (5.2,18.5)	0.0 (0.0,84.2)	0.0 (0.0,84.2)	50.1	51.8
simadna_md.fq	499895	499895	499884	 1.0	Bovidae	Bos_grunniens_x_Bos_taurus	515	507	+	25	44	17.1 (9.7,27.0)	11.8 (6.1,20.2)	0.0 (0.0,84.2)	0.0 (0.0,84.2)	50.2	52.0
simadna_md.fq	499895	499895	499884	 1.0	Bovidae	Bos_indicus	1098	1077	+	60	106	17.9 (12.9,23.9)	11.8 (7.8,16.9)	20.0 (0.5,71.6)	16.7 (0.4,64.1)	51.8	51.3
simadna_md.fq	499895	499895	499884	 1.0	Bovidae	Bos_javanicus	1151	1128	+	61	97	16.4 (11.7,22.1)	11.8 (8.0,16.8)	20.0 (0.5,71.6)	25.0 (0.6,80.6)	52.0	52.3
simadna_md.fq	499895	499895	499884	 1.0	Bovidae	Bos_mutus	537	528	+	26	52	17.4 (10.3,26.7)	9.9 (4.9,17.5)	0.0 (0.0,84.2)	0.0 (0.0,84.2)	50.2	52.4
simadna_md.fq	499895	499895	499884	 1.0	Bovidae	Bos_primigenius	1136	1114	+	62	102	17.1 (12.3,22.9)	12.0 (8.1,17.0)	20.0 (0.5,71.6)	25.0 (0.6,80.6)	51.9	52.3
simadna_md.fq	499895	499895	499884	 1.0	Bovidae	Bos_taurus	1149	1126	+	61	96	16.4 (11.7,22.1)	11.9 (8.0,16.8)	20.0 (0.5,71.6)	25.0 (0.6,80.6)	52.0	52.5
simadna_md.fq	499895	499895	499884	 1.0	Bovidae	Boselaphus_tragocamelus	61	60	-	1	3	0.0 (0.0,36.9)	6.7 (0.2,31.9)	N/A (N/A,N/A)	N/A (N/A,N/A)	45.2	37.3
simadna_md.fq	499895	499895	499884	 1.0	Bovidae	Bubalus_arnee	94	94	-	3	3	13.3 (1.7,40.5)	4.5 (0.1,22.8)	N/A (N/A,N/A)	N/A (N/A,N/A)	47.1	45.3
simadna_md.fq	499895	499895	499884	 1.0	Bovidae	Bubalus_bubalis	101	101	-	3	3	11.8 (1.5,36.4)	4.0 (0.1,20.4)	N/A (N/A,N/A)	N/A (N/A,N/A)	47.2	42.0
simadna_md.fq	499895	499895	499884	 1.0	Bovidae	Bubalus_carabanensis	81	81	-	4	6	25.0 (5.5,57.2)	5.9 (0.1,28.7)	0.0 (0.0,97.5)	N/A (N/A,N/A)	48.5	53.2
simadna_md.fq	499895	499895	499884	 1.0	Bovidae	Bubalus_depressicornis	87	87	-	3	6	10.0 (0.3,44.5)	9.1 (1.1,29.2)	0.0 (0.0,97.5)	N/A (N/A,N/A)	47.7	50.2
simadna_md.fq	499895	499895	499884	 1.0	Bovidae	Bubalus_quarlesi	73	73	-	3	3	18.2 (2.3,51.8)	6.2 (0.2,30.2)	N/A (N/A,N/A)	N/A (N/A,N/A)	45.8	42.0
simadna_md.fq	499895	499895	499884	 1.0	Bovidae	Budorcas_taxicolor	41	41	-	3	4	28.6 (3.7,71.0)	6.7 (0.2,31.9)	N/A (N/A,N/A)	N/A (N/A,N/A)	48.3	41.0
simadna_md.fq	499895	499895	499884	 1.0	Bovidae	Budorcas_taxicolor_taxicolor	34	34	-	4	5	33.3 (4.3,77.7)	20.0 (2.5,55.6)	N/A (N/A,N/A)	N/A (N/A,N/A)	48.5	39.8
simadna_md.fq	499895	499895	499884	 1.0	Bovidae	Budorcas_taxicolor_tibetana	41	41	-	3	4	28.6 (3.7,71.0)	6.7 (0.2,31.9)	N/A (N/A,N/A)	N/A (N/A,N/A)	48.3	41.0
simadna_md.fq	499895	499895	499884	 1.0	Bovidae	Capra_aegagrus	39	39	-	2	3	16.7 (0.4,64.1)	9.1 (0.2,41.3)	N/A (N/A,N/A)	N/A (N/A,N/A)	44.4	45.0
simadna_md.fq	499895	499895	499884	 1.0	Bovidae	Capra_caucasica	36	36	-	1	2	0.0 (0.0,52.2)	12.5 (0.3,52.7)	N/A (N/A,N/A)	N/A (N/A,N/A)	43.2	47.5
simadna_md.fq	499895	499895	499884	 1.0	Bovidae	Capra_falconeri	42	41	-	3	4	14.3 (0.4,57.9)	20.0 (2.5,55.6)	N/A (N/A,N/A)	N/A (N/A,N/A)	44.5	44.5
simadna_md.fq	499895	499895	499884	 1.0	Bovidae	Capra_hircus	40	40	-	3	4	33.3 (4.3,77.7)	8.3 (0.2,38.5)	N/A (N/A,N/A)	N/A (N/A,N/A)	44.4	45.0
simadna_md.fq	499895	499895	499884	 1.0	Bovidae	Capra_ibex	47	47	-	2	2	14.3 (0.4,57.9)	9.1 (0.2,41.3)	N/A (N/A,N/A)	N/A (N/A,N/A)	44.1	44.5
simadna_md.fq	499895	499895	499884	 1.0	Bovidae	Capra_nubiana	41	41	-	1	2	25.0 (0.6,80.6)	0.0 (0.0,45.9)	N/A (N/A,N/A)	N/A (N/A,N/A)	45.5	39.5
simadna_md.fq	499895	499895	499884	 1.0	Bovidae	Capra_pyrenaica	48	48	-	2	3	20.0 (0.5,71.6)	11.1 (0.3,48.2)	N/A (N/A,N/A)	N/A (N/A,N/A)	44.6	46.7
simadna_md.fq	499895	499895	499884	 1.0	Bovidae	Capra_sibirica	50	50	+	6	6	42.9 (9.9,81.6)	25.0 (5.5,57.2)	N/A (N/A,N/A)	N/A (N/A,N/A)	45.3	46.2
simadna_md.fq	499895	499895	499884	 1.0	Bovidae	Capricornis_crispus	30	30	-	3	4	0.0 (0.0,45.9)	42.9 (9.9,81.6)	N/A (N/A,N/A)	N/A (N/A,N/A)	45.9	48.8
simadna_md.fq	499895	499895	499884	 1.0	Bovidae	Capricornis_milneedwardsii	33	33	-	3	5	0.0 (0.0,60.2)	42.9 (9.9,81.6)	N/A (N/A,N/A)	N/A (N/A,N/A)	45.4	43.4
simadna_md.fq	499895	499895	499884	 1.0	Bovidae	Capricornis_rubidus	34	34	-	3	5	0.0 (0.0,70.8)	37.5 (8.5,75.5)	N/A (N/A,N/A)	N/A (N/A,N/A)	45.0	43.4
simadna_md.fq	499895	499895	499884	 1.0	Bovidae	Capricornis_sp._YZ-2016	29	29	-	2	2	0.0 (0.0,60.2)	40.0 (5.3,85.3)	N/A (N/A,N/A)	N/A (N/A,N/A)	45.6	41.5
simadna_md.fq	499895	499895	499884	 1.0	Bovidae	Capricornis_sumatraensis	32	32	-	2	3	0.0 (0.0,60.2)	28.6 (3.7,71.0)	N/A (N/A,N/A)	N/A (N/A,N/A)	45.8	39.7
simadna_md.fq	499895	499895	499884	 1.0	Bovidae	Capricornis_swinhoei	29	29	-	3	3	0.0 (0.0,70.8)	42.9 (9.9,81.6)	N/A (N/A,N/A)	N/A (N/A,N/A)	42.2	40.7
simadna_md.fq	499895	499895	499884	 1.0	Bovidae	Cephalophorus_callipygus	53	53	-	6	9	25.0 (3.2,65.1)	28.6 (8.4,58.1)	N/A (N/A,N/A)	N/A (N/A,N/A)	45.9	41.6
simadna_md.fq	499895	499895	499884	 1.0	Bovidae	Cephalophorus_leucogaster	51	51	-	5	8	20.0 (2.5,55.6)	30.0 (6.7,65.2)	N/A (N/A,N/A)	N/A (N/A,N/A)	43.8	42.0
simadna_md.fq	499895	499895	499884	 1.0	Bovidae	Cephalophorus_natalensis	36	36	-	1	2	0.0 (0.0,70.8)	16.7 (0.4,64.1)	N/A (N/A,N/A)	N/A (N/A,N/A)	44.8	38.5
simadna_md.fq	499895	499895	499884	 1.0	Bovidae	Cephalophorus_nigrifrons	47	47	-	3	3	0.0 (0.0,52.2)	33.3 (7.5,70.1)	0.0 (0.0,97.5)	N/A (N/A,N/A)	43.8	39.0
simadna_md.fq	499895	499895	499884	 1.0	Bovidae	Cephalophorus_ogilbyi	37	37	-	4	6	33.3 (4.3,77.7)	22.2 (2.8,60.0)	N/A (N/A,N/A)	N/A (N/A,N/A)	46.7	40.0
simadna_md.fq	499895	499895	499884	 1.0	Bovidae	Cephalophorus_rufilatus	45	45	+	4	5	20.0 (0.5,71.6)	42.9 (9.9,81.6)	0.0 (0.0,97.5)	N/A (N/A,N/A)	44.2	39.0
simadna_md.fq	499895	499895	499884	 1.0	Bovidae	Cephalophus_dorsalis	44	44	-	1	3	0.0 (0.0,52.2)	12.5 (0.3,52.7)	N/A (N/A,N/A)	N/A (N/A,N/A)	45.3	42.0
simadna_md.fq	499895	499895	499884	 1.0	Bovidae	Cephalophus_jentinki	31	31	+	4	5	50.0 (1.3,98.7)	60.0 (14.7,94.7)	N/A (N/A,N/A)	N/A (N/A,N/A)	42.2	39.2
simadna_md.fq	499895	499895	499884	 1.0	Bovidae	Cephalophus_silvicultor	40	40	-	2	3	0.0 (0.0,70.8)	18.2 (2.3,51.8)	N/A (N/A,N/A)	N/A (N/A,N/A)	42.4	38.7
simadna_md.fq	499895	499895	499884	 1.0	Bovidae	Cephalophus_spadix	48	47	+	6	7	55.6 (21.2,86.3)	10.0 (0.3,44.5)	N/A (N/A,N/A)	N/A (N/A,N/A)	44.5	42.3
simadna_md.fq	499895	499895	499884	 1.0	Bovidae	Connochaetes_gnou	41	41	-	3	4	0.0 (0.0,45.9)	27.3 (6.0,61.0)	N/A (N/A,N/A)	N/A (N/A,N/A)	45.0	41.5
simadna_md.fq	499895	499895	499884	 1.0	Bovidae	Connochaetes_taurinus	42	42	+	6	8	16.7 (0.4,64.1)	35.7 (12.8,64.9)	N/A (N/A,N/A)	N/A (N/A,N/A)	43.9	39.9
simadna_md.fq	499895	499895	499884	 1.0	Bovidae	Damaliscus_lunatus	42	42	-	3	5	0.0 (0.0,52.2)	27.3 (6.0,61.0)	N/A (N/A,N/A)	N/A (N/A,N/A)	45.3	45.8
simadna_md.fq	499895	499895	499884	 1.0	Bovidae	Damaliscus_pygargus	36	36	-	2	4	0.0 (0.0,70.8)	20.0 (2.5,55.6)	N/A (N/A,N/A)	N/A (N/A,N/A)	45.3	38.5
simadna_md.fq	499895	499895	499884	 1.0	Bovidae	Dorcatragus_megalotis	43	42	-	4	7	0.0 (0.0,84.2)	33.3 (9.9,65.1)	N/A (N/A,N/A)	N/A (N/A,N/A)	47.8	45.0
simadna_md.fq	499895	499895	499884	 1.0	Bovidae	Eudorcas_rufifrons	31	31	-	2	6	0.0 (0.0,52.2)	25.0 (3.2,65.1)	N/A (N/A,N/A)	N/A (N/A,N/A)	47.1	47.8
simadna_md.fq	499895	499895	499884	 1.0	Bovidae	Eudorcas_thomsonii	33	33	-	2	5	0.0 (0.0,70.8)	28.6 (3.7,71.0)	N/A (N/A,N/A)	N/A (N/A,N/A)	45.8	47.2
simadna_md.fq	499895	499895	499884	 1.0	Bovidae	Gazella_bennettii	43	42	-	3	5	25.0 (3.2,65.1)	11.1 (0.3,48.2)	N/A (N/A,N/A)	N/A (N/A,N/A)	46.5	49.6
simadna_md.fq	499895	499895	499884	 1.0	Bovidae	Gazella_cuvieri	34	33	-	3	6	33.3 (4.3,77.7)	25.0 (0.6,80.6)	N/A (N/A,N/A)	N/A (N/A,N/A)	45.2	50.5
simadna_md.fq	499895	499895	499884	 1.0	Bovidae	Gazella_dorcas	38	37	-	2	4	14.3 (0.4,57.9)	10.0 (0.3,44.5)	N/A (N/A,N/A)	N/A (N/A,N/A)	43.5	47.8
simadna_md.fq	499895	499895	499884	 1.0	Bovidae	Gazella_erlangeri	45	44	-	2	3	10.0 (0.3,44.5)	14.3 (0.4,57.9)	N/A (N/A,N/A)	N/A (N/A,N/A)	44.5	52.3
simadna_md.fq	499895	499895	499884	 1.0	Bovidae	Gazella_gazella	43	42	-	2	3	11.1 (0.3,48.2)	16.7 (0.4,64.1)	N/A (N/A,N/A)	N/A (N/A,N/A)	44.2	52.3
simadna_md.fq	499895	499895	499884	 1.0	Bovidae	Gazella_leptoceros	31	30	-	3	6	33.3 (4.3,77.7)	20.0 (0.5,71.6)	N/A (N/A,N/A)	N/A (N/A,N/A)	45.8	50.5
simadna_md.fq	499895	499895	499884	 1.0	Bovidae	Gazella_spekei	38	37	-	1	3	0.0 (0.0,45.9)	12.5 (0.3,52.7)	N/A (N/A,N/A)	N/A (N/A,N/A)	43.1	51.3
simadna_md.fq	499895	499895	499884	 1.0	Bovidae	Gazella_subgutturosa	48	47	-	4	8	20.0 (2.5,55.6)	20.0 (2.5,55.6)	N/A (N/A,N/A)	N/A (N/A,N/A)	45.4	48.1
simadna_md.fq	499895	499895	499884	 1.0	Bovidae	Hemitragus_jemlahicus	57	57	-	1	2	12.5 (0.3,52.7)	0.0 (0.0,21.8)	N/A (N/A,N/A)	N/A (N/A,N/A)	45.0	40.5
simadna_md.fq	499895	499895	499884	 1.0	Bovidae	Hippotragus_equinus	43	43	-	1	2	12.5 (0.3,52.7)	0.0 (0.0,30.8)	N/A (N/A,N/A)	N/A (N/A,N/A)	45.3	43.5
simadna_md.fq	499895	499895	499884	 1.0	Bovidae	Hippotragus_leucophaeus	43	43	-	4	7	40.0 (5.3,85.3)	22.2 (2.8,60.0)	N/A (N/A,N/A)	N/A (N/A,N/A)	43.5	45.4
simadna_md.fq	499895	499895	499884	 1.0	Bovidae	Hippotragus_niger	59	59	-	5	7	11.1 (0.3,48.2)	28.6 (8.4,58.1)	N/A (N/A,N/A)	N/A (N/A,N/A)	45.2	44.7
simadna_md.fq	499895	499895	499884	 1.0	Bovidae	Hippotragus_niger_niger	55	55	+	5	7	12.5 (0.3,52.7)	33.3 (9.9,65.1)	N/A (N/A,N/A)	N/A (N/A,N/A)	44.8	44.7
simadna_md.fq	499895	499895	499884	 1.0	Bovidae	Hippotragus_niger_roosevelti	58	58	-	4	6	11.1 (0.3,48.2)	23.1 (5.0,53.8)	N/A (N/A,N/A)	N/A (N/A,N/A)	44.9	46.3
simadna_md.fq	499895	499895	499884	 1.0	Bovidae	Hippotragus_niger_variani	54	54	+	5	7	12.5 (0.3,52.7)	36.4 (10.9,69.2)	N/A (N/A,N/A)	N/A (N/A,N/A)	45.5	44.7
simadna_md.fq	499895	499895	499884	 1.0	Bovidae	Kobus_ellipsiprymnus	31	31	-	3	3	100.0 (2.5,100.0)	40.0 (5.3,85.3)	N/A (N/A,N/A)	N/A (N/A,N/A)	42.1	38.7
simadna_md.fq	499895	499895	499884	 1.0	Bovidae	Kobus_leche	51	51	+	5	6	11.1 (0.3,48.2)	40.0 (12.2,73.8)	N/A (N/A,N/A)	N/A (N/A,N/A)	44.6	40.3
simadna_md.fq	499895	499895	499884	 1.0	Bovidae	Leucocephalophus_adersi	58	57	-	1	2	8.3 (0.2,38.5)	0.0 (0.0,26.5)	N/A (N/A,N/A)	N/A (N/A,N/A)	45.1	48.0
simadna_md.fq	499895	499895	499884	 1.0	Bovidae	Litocranius_walleri	42	42	+	5	7	16.7 (0.4,64.1)	40.0 (12.2,73.8)	N/A (N/A,N/A)	N/A (N/A,N/A)	43.1	41.7
simadna_md.fq	499895	499895	499884	 1.0	Bovidae	Madoqua_kirkii	28	28	-	3	4	25.0 (0.6,80.6)	25.0 (3.2,65.1)	N/A (N/A,N/A)	N/A (N/A,N/A)	44.4	41.8
simadna_md.fq	499895	499895	499884	 1.0	Bovidae	Madoqua_saltiana	30	30	+	6	6	50.0 (1.3,98.7)	45.5 (16.7,76.6)	N/A (N/A,N/A)	N/A (N/A,N/A)	47.6	43.7
simadna_md.fq	499895	499895	499884	 1.0	Bovidae	Myotragus_balearicus	35	35	-	3	6	25.0 (3.2,65.1)	11.1 (0.3,48.2)	N/A (N/A,N/A)	N/A (N/A,N/A)	43.4	40.8
simadna_md.fq	499895	499895	499884	 1.0	Bovidae	Naemorhedus_baileyi	44	43	-	1	2	0.0 (0.0,41.0)	10.0 (0.3,44.5)	N/A (N/A,N/A)	N/A (N/A,N/A)	48.2	38.0
simadna_md.fq	499895	499895	499884	 1.0	Bovidae	Naemorhedus_caudatus	43	42	-	3	7	0.0 (0.0,41.0)	27.3 (6.0,61.0)	N/A (N/A,N/A)	N/A (N/A,N/A)	45.4	38.9
simadna_md.fq	499895	499895	499884	 1.0	Bovidae	Naemorhedus_goral	27	27	-	1	4	0.0 (0.0,60.2)	14.3 (0.4,57.9)	N/A (N/A,N/A)	N/A (N/A,N/A)	45.4	38.5
simadna_md.fq	499895	499895	499884	 1.0	Bovidae	Naemorhedus_griseus	39	38	-	1	4	0.0 (0.0,45.9)	11.1 (0.3,48.2)	N/A (N/A,N/A)	N/A (N/A,N/A)	48.4	39.2
simadna_md.fq	499895	499895	499884	 1.0	Bovidae	Nanger_dama	42	42	-	3	5	16.7 (0.4,64.1)	25.0 (3.2,65.1)	N/A (N/A,N/A)	N/A (N/A,N/A)	45.6	56.2
simadna_md.fq	499895	499895	499884	 1.0	Bovidae	Nanger_granti	42	42	-	3	5	0.0 (0.0,60.2)	42.9 (9.9,81.6)	N/A (N/A,N/A)	N/A (N/A,N/A)	45.6	51.0
simadna_md.fq	499895	499895	499884	 1.0	Bovidae	Nanger_soemmerringii	49	49	-	2	6	0.0 (0.0,45.9)	22.2 (2.8,60.0)	N/A (N/A,N/A)	N/A (N/A,N/A)	47.6	49.8
simadna_md.fq	499895	499895	499884	 1.0	Bovidae	Neotragus_batesi	36	36	-	1	1	0.0 (0.0,60.2)	10.0 (0.3,44.5)	N/A (N/A,N/A)	N/A (N/A,N/A)	46.7	35.0
simadna_md.fq	499895	499895	499884	 1.0	Bovidae	Neotragus_moschatus	42	42	-	3	3	16.7 (0.4,64.1)	20.0 (2.5,55.6)	N/A (N/A,N/A)	N/A (N/A,N/A)	45.1	41.7
simadna_md.fq	499895	499895	499884	 1.0	Bovidae	Oreamnos_americanus	53	52	-	4	5	20.0 (0.5,71.6)	37.5 (8.5,75.5)	N/A (N/A,N/A)	N/A (N/A,N/A)	43.1	40.8
simadna_md.fq	499895	499895	499884	 1.0	Bovidae	Oreotragus_oreotragus	39	38	-	4	5	28.6 (3.7,71.0)	25.0 (3.2,65.1)	N/A (N/A,N/A)	0.0 (0.0,97.5)	46.7	40.6
simadna_md.fq	499895	499895	499884	 1.0	Bovidae	Oryx_beisa	53	53	-	3	5	16.7 (0.4,64.1)	15.4 (1.9,45.4)	N/A (N/A,N/A)	N/A (N/A,N/A)	45.5	41.4
simadna_md.fq	499895	499895	499884	 1.0	Bovidae	Oryx_dammah	53	53	-	3	3	14.3 (0.4,57.9)	16.7 (2.1,48.4)	N/A (N/A,N/A)	N/A (N/A,N/A)	44.3	39.0
simadna_md.fq	499895	499895	499884	 1.0	Bovidae	Oryx_gazella	45	45	-	2	4	0.0 (0.0,45.9)	20.0 (2.5,55.6)	N/A (N/A,N/A)	N/A (N/A,N/A)	46.5	39.5
simadna_md.fq	499895	499895	499884	 1.0	Bovidae	Oryx_leucoryx	51	50	-	1	1	20.0 (0.5,71.6)	0.0 (0.0,33.6)	N/A (N/A,N/A)	N/A (N/A,N/A)	44.2	40.0
simadna_md.fq	499895	499895	499884	 1.0	Bovidae	Ourebia_ourebi	46	46	-	4	5	0.0 (0.0,45.9)	33.3 (9.9,65.1)	N/A (N/A,N/A)	N/A (N/A,N/A)	46.2	38.8
simadna_md.fq	499895	499895	499884	 1.0	Bovidae	Ovibos_moschatus	29	29	-	0	2	0.0 (0.0,60.2)	0.0 (0.0,41.0)	N/A (N/A,N/A)	N/A (N/A,N/A)	44.9	42.5
simadna_md.fq	499895	499895	499884	 1.0	Bovidae	Ovis_ammon	38	38	-	3	5	20.0 (0.5,71.6)	25.0 (3.2,65.1)	N/A (N/A,N/A)	N/A (N/A,N/A)	43.7	40.8
simadna_md.fq	499895	499895	499884	 1.0	Bovidae	Ovis_ammon_ammon	43	43	-	4	6	25.0 (0.6,80.6)	30.0 (6.7,65.2)	N/A (N/A,N/A)	N/A (N/A,N/A)	44.2	41.2
simadna_md.fq	499895	499895	499884	 1.0	Bovidae	Ovis_aries	41	41	+	6	8	28.6 (3.7,71.0)	44.4 (13.7,78.8)	N/A (N/A,N/A)	N/A (N/A,N/A)	43.3	42.8
simadna_md.fq	499895	499895	499884	 1.0	Bovidae	Ovis_canadensis	43	43	+	5	6	14.3 (0.4,57.9)	36.4 (10.9,69.2)	N/A (N/A,N/A)	N/A (N/A,N/A)	44.9	41.8
simadna_md.fq	499895	499895	499884	 1.0	Bovidae	Ovis_dalli	42	42	-	4	5	20.0 (0.5,71.6)	37.5 (8.5,75.5)	N/A (N/A,N/A)	N/A (N/A,N/A)	43.7	40.4
simadna_md.fq	499895	499895	499884	 1.0	Bovidae	Ovis_nivicola_lydekkeri	44	44	+	5	6	20.0 (0.5,71.6)	36.4 (10.9,69.2)	N/A (N/A,N/A)	N/A (N/A,N/A)	43.7	40.2
simadna_md.fq	499895	499895	499884	 1.0	Bovidae	Ovis_orientalis	41	41	+	6	8	28.6 (3.7,71.0)	44.4 (13.7,78.8)	N/A (N/A,N/A)	N/A (N/A,N/A)	43.3	42.8
simadna_md.fq	499895	499895	499884	 1.0	Bovidae	Ovis_vignei	35	35	-	3	4	20.0 (0.5,71.6)	28.6 (3.7,71.0)	N/A (N/A,N/A)	N/A (N/A,N/A)	42.9	39.8
simadna_md.fq	499895	499895	499884	 1.0	Bovidae	Pantholops_hodgsonii	48	48	-	3	3	11.1 (0.3,48.2)	15.4 (1.9,45.4)	N/A (N/A,N/A)	N/A (N/A,N/A)	41.6	36.7
simadna_md.fq	499895	499895	499884	 1.0	Bovidae	Pelea_capreolus	31	31	-	1	1	0.0 (0.0,84.2)	14.3 (0.4,57.9)	N/A (N/A,N/A)	N/A (N/A,N/A)	45.5	40.0
simadna_md.fq	499895	499895	499884	 1.0	Bovidae	Philantomba_maxwellii	61	61	-	3	5	0.0 (0.0,36.9)	27.3 (6.0,61.0)	N/A (N/A,N/A)	N/A (N/A,N/A)	46.9	43.6
simadna_md.fq	499895	499895	499884	 1.0	Bovidae	Philantomba_monticola	49	49	-	2	4	0.0 (0.0,41.0)	25.0 (3.2,65.1)	0.0 (0.0,97.5)	N/A (N/A,N/A)	46.3	43.0
simadna_md.fq	499895	499895	499884	 1.0	Bovidae	Procapra_gutturosa	52	52	-	4	7	0.0 (0.0,52.2)	28.6 (8.4,58.1)	N/A (N/A,N/A)	N/A (N/A,N/A)	43.6	41.0
simadna_md.fq	499895	499895	499884	 1.0	Bovidae	Procapra_przewalskii	59	58	-	4	7	0.0 (0.0,33.6)	26.7 (7.8,55.1)	N/A (N/A,N/A)	N/A (N/A,N/A)	44.5	41.0
simadna_md.fq	499895	499895	499884	 1.0	Bovidae	Pseudois_nayaur	45	44	-	2	5	14.3 (0.4,57.9)	9.1 (0.2,41.3)	N/A (N/A,N/A)	N/A (N/A,N/A)	45.4	41.4
simadna_md.fq	499895	499895	499884	 1.0	Bovidae	Pseudois_schaeferi	40	39	-	3	5	14.3 (0.4,57.9)	33.3 (4.3,77.7)	N/A (N/A,N/A)	N/A (N/A,N/A)	43.9	39.4
simadna_md.fq	499895	499895	499884	 1.0	Bovidae	Pseudoryx_nghetinhensis	87	87	-	2	6	0.0 (0.0,33.6)	11.8 (1.5,36.4)	N/A (N/A,N/A)	N/A (N/A,N/A)	46.8	40.2
simadna_md.fq	499895	499895	499884	 1.0	Bovidae	Raphicerus_campestris	31	30	-	1	1	0.0 (0.0,60.2)	20.0 (0.5,71.6)	N/A (N/A,N/A)	N/A (N/A,N/A)	44.3	40.0
simadna_md.fq	499895	499895	499884	 1.0	Bovidae	Redunca_arundinum	45	45	-	2	2	0.0 (0.0,45.9)	20.0 (2.5,55.6)	N/A (N/A,N/A)	N/A (N/A,N/A)	44.3	39.0
simadna_md.fq	499895	499895	499884	 1.0	Bovidae	Redunca_fulvorufula	33	33	-	2	5	16.7 (0.4,64.1)	20.0 (0.5,71.6)	N/A (N/A,N/A)	N/A (N/A,N/A)	46.4	43.2
simadna_md.fq	499895	499895	499884	 1.0	Bovidae	Rupicapra_pyrenaica	42	42	-	1	2	16.7 (0.4,64.1)	0.0 (0.0,36.9)	N/A (N/A,N/A)	N/A (N/A,N/A)	45.9	36.0
simadna_md.fq	499895	499895	499884	 1.0	Bovidae	Rupicapra_rupicapra	36	36	-	1	3	16.7 (0.4,64.1)	12.5 (0.3,52.7)	100.0 (2.5,100.0)	100.0 (2.5,100.0)	43.8	37.7
simadna_md.fq	499895	499895	499884	 1.0	Bovidae	Saiga_tatarica	45	45	+	4	5	11.1 (0.3,48.2)	42.9 (9.9,81.6)	N/A (N/A,N/A)	N/A (N/A,N/A)	45.8	39.4
simadna_md.fq	499895	499895	499884	 1.0	Bovidae	Sylvicapra_grimmia	49	48	-	2	2	0.0 (0.0,45.9)	28.6 (3.7,71.0)	N/A (N/A,N/A)	N/A (N/A,N/A)	44.1	37.5
simadna_md.fq	499895	499895	499884	 1.0	Bovidae	Syncerus_caffer	92	92	-	2	6	13.3 (1.7,40.5)	0.0 (0.0,20.6)	N/A (N/A,N/A)	N/A (N/A,N/A)	45.7	48.2
simadna_md.fq	499895	499895	499884	 1.0	Bovidae	Taurotragus_derbianus	73	73	-	8	13	30.8 (9.1,61.4)	23.5 (6.8,49.9)	0.0 (0.0,97.5)	N/A (N/A,N/A)	46.9	47.1
simadna_md.fq	499895	499895	499884	 1.0	Bovidae	Tetracerus_quadricornis	71	70	-	3	3	14.3 (1.8,42.8)	8.3 (0.2,38.5)	N/A (N/A,N/A)	N/A (N/A,N/A)	48.8	54.7
simadna_md.fq	499895	499895	499884	 1.0	Bovidae	Tragelaphus_angasii	53	51	++	8	10	50.0 (11.8,88.2)	38.5 (13.9,68.4)	N/A (N/A,N/A)	0.0 (0.0,97.5)	48.7	45.3
simadna_md.fq	499895	499895	499884	 1.0	Bovidae	Tragelaphus_buxtoni	51	51	-	3	5	22.2 (2.8,60.0)	10.0 (0.3,44.5)	0.0 (0.0,97.5)	N/A (N/A,N/A)	47.1	39.0
simadna_md.fq	499895	499895	499884	 1.0	Bovidae	Tragelaphus_eurycerus	52	52	+	5	8	36.4 (10.9,69.2)	7.7 (0.2,36.0)	N/A (N/A,N/A)	0.0 (0.0,97.5)	47.0	47.8
simadna_md.fq	499895	499895	499884	 1.0	Bovidae	Tragelaphus_imberbis	48	47	-	5	5	33.3 (7.5,70.1)	25.0 (3.2,65.1)	N/A (N/A,N/A)	N/A (N/A,N/A)	45.6	41.2
simadna_md.fq	499895	499895	499884	 1.0	Bovidae	Tragelaphus_oryx	51	51	+	5	7	11.1 (0.3,48.2)	40.0 (12.2,73.8)	0.0 (0.0,97.5)	N/A (N/A,N/A)	46.3	45.4
simadna_md.fq	499895	499895	499884	 1.0	Bovidae	Tragelaphus_scriptus	43	43	-	1	3	0.0 (0.0,33.6)	14.3 (0.4,57.9)	N/A (N/A,N/A)	N/A (N/A,N/A)	45.3	39.7
simadna_md.fq	499895	499895	499884	 1.0	Bovidae	Tragelaphus_spekii	47	47	-	3	3	25.0 (3.2,65.1)	12.5 (0.3,52.7)	N/A (N/A,N/A)	N/A (N/A,N/A)	47.4	54.0
simadna_md.fq	499895	499895	499884	 1.0	Bovidae	Tragelaphus_strepsiceros	39	39	-	1	5	0.0 (0.0,60.2)	14.3 (0.4,57.9)	N/A (N/A,N/A)	N/A (N/A,N/A)	47.1	43.6
simadna_md.fq	499895	499895	499884	 1.0	Canidae	Cuon_alpinus	1	1	-	0	0	N/A (N/A,N/A)	N/A (N/A,N/A)	N/A (N/A,N/A)	N/A (N/A,N/A)	41.0	N/A
simadna_md.fq	499895	499895	499884	 1.0	Canidae	Lycaon_pictus	2	2	-	0	0	N/A (N/A,N/A)	N/A (N/A,N/A)	N/A (N/A,N/A)	N/A (N/A,N/A)	43.0	N/A
simadna_md.fq	499895	499895	499884	 1.0	Canidae	Vulpes_corsac	1	1	-	0	0	N/A (N/A,N/A)	0.0 (0.0,97.5)	N/A (N/A,N/A)	N/A (N/A,N/A)	41.0	N/A
simadna_md.fq	499895	499895	499884	 1.0	Canidae	Vulpes_ferrilata	2	2	-	0	0	N/A (N/A,N/A)	0.0 (0.0,97.5)	N/A (N/A,N/A)	N/A (N/A,N/A)	44.5	N/A
simadna_md.fq	499895	499895	499884	 1.0	Canidae	Vulpes_vulpes	1	1	-	0	0	N/A (N/A,N/A)	N/A (N/A,N/A)	N/A (N/A,N/A)	N/A (N/A,N/A)	45.0	N/A
simadna_md.fq	499895	499895	499884	 1.0	Canidae	Vulpes_zerda	1	1	-	0	0	N/A (N/A,N/A)	N/A (N/A,N/A)	N/A (N/A,N/A)	N/A (N/A,N/A)	45.0	N/A
simadna_md.fq	499895	499895	499884	 1.0	Elephantidae	Elephas_antiquus	125	125	-	7	9	23.1 (9.0,43.6)	10.5 (1.3,33.1)	100.0 (2.5,100.0)	33.3 (0.8,90.6)	49.9	53.3
simadna_md.fq	499895	499895	499884	 1.0	Elephantidae	Elephas_maximus	122	122	-	6	9	19.0 (5.4,41.9)	15.8 (3.4,39.6)	100.0 (2.5,100.0)	100.0 (2.5,100.0)	48.6	45.9
simadna_md.fq	499895	499895	499884	 1.0	Elephantidae	Loxodonta_africana	125	125	-	7	9	22.7 (7.8,45.4)	14.3 (3.0,36.3)	100.0 (2.5,100.0)	50.0 (1.3,98.7)	50.5	50.9
simadna_md.fq	499895	499895	499884	 1.0	Elephantidae	Loxodonta_cyclotis	133	133	-	7	8	20.7 (8.0,39.7)	8.7 (1.1,28.0)	100.0 (2.5,100.0)	50.0 (1.3,98.7)	50.1	50.0
simadna_md.fq	499895	499895	499884	 1.0	Elephantidae	Mammut_americanum	34	34	-	1	1	12.5 (0.3,52.7)	20.0 (0.5,71.6)	100.0 (2.5,100.0)	100.0 (2.5,100.0)	47.6	51.0
simadna_md.fq	499895	499895	499884	 1.0	Elephantidae	Mammuthus_columbi	181	181	+	13	15	29.7 (15.9,47.0)	10.3 (2.2,27.4)	100.0 (2.5,100.0)	50.0 (1.3,98.7)	50.3	46.3
simadna_md.fq	499895	499895	499884	 1.0	Elephantidae	Mammuthus_primigenius	182	182	+	13	15	28.9 (15.4,45.9)	10.3 (2.2,27.4)	100.0 (2.5,100.0)	50.0 (1.3,98.7)	50.2	46.3
simadna_md.fq	499895	499895	499884	 1.0	Felidae	Acinonyx_jubatus	1	1	-	0	0	N/A (N/A,N/A)	N/A (N/A,N/A)	N/A (N/A,N/A)	N/A (N/A,N/A)	37.0	N/A
simadna_md.fq	499895	499895	499884	 1.0	Felidae	Catopuma_badia	1	1	-	0	0	N/A (N/A,N/A)	N/A (N/A,N/A)	N/A (N/A,N/A)	N/A (N/A,N/A)	37.0	N/A
simadna_md.fq	499895	499895	499884	 1.0	Felidae	Catopuma_temminckii	1	1	-	0	0	N/A (N/A,N/A)	N/A (N/A,N/A)	N/A (N/A,N/A)	N/A (N/A,N/A)	37.0	N/A
simadna_md.fq	499895	499895	499884	 1.0	Felidae	Felis_catus	2	2	-	1	1	N/A (N/A,N/A)	100.0 (2.5,100.0)	N/A (N/A,N/A)	N/A (N/A,N/A)	38.5	40.0
simadna_md.fq	499895	499895	499884	 1.0	Felidae	Felis_chaus	1	1	-	0	0	N/A (N/A,N/A)	N/A (N/A,N/A)	N/A (N/A,N/A)	N/A (N/A,N/A)	37.0	N/A
simadna_md.fq	499895	499895	499884	 1.0	Felidae	Felis_margarita	1	1	-	0	0	N/A (N/A,N/A)	N/A (N/A,N/A)	N/A (N/A,N/A)	N/A (N/A,N/A)	37.0	N/A
simadna_md.fq	499895	499895	499884	 1.0	Felidae	Felis_nigripes	1	1	-	0	0	N/A (N/A,N/A)	N/A (N/A,N/A)	N/A (N/A,N/A)	N/A (N/A,N/A)	37.0	N/A
simadna_md.fq	499895	499895	499884	 1.0	Felidae	Felis_silvestris	3	3	-	1	1	0.0 (0.0,97.5)	50.0 (1.3,98.7)	N/A (N/A,N/A)	N/A (N/A,N/A)	39.0	40.0
simadna_md.fq	499895	499895	499884	 1.0	Felidae	Leopardus_colocolo	3	3	-	1	1	N/A (N/A,N/A)	50.0 (1.3,98.7)	N/A (N/A,N/A)	N/A (N/A,N/A)	39.0	40.0
simadna_md.fq	499895	499895	499884	 1.0	Felidae	Leopardus_geoffroyi	1	1	-	0	0	N/A (N/A,N/A)	N/A (N/A,N/A)	N/A (N/A,N/A)	N/A (N/A,N/A)	37.0	N/A
simadna_md.fq	499895	499895	499884	 1.0	Felidae	Leopardus_guigna	3	3	-	1	1	0.0 (0.0,97.5)	50.0 (1.3,98.7)	N/A (N/A,N/A)	N/A (N/A,N/A)	39.0	40.0
simadna_md.fq	499895	499895	499884	 1.0	Felidae	Leopardus_pardalis	1	1	-	0	0	N/A (N/A,N/A)	N/A (N/A,N/A)	N/A (N/A,N/A)	N/A (N/A,N/A)	37.0	N/A
simadna_md.fq	499895	499895	499884	 1.0	Felidae	Leopardus_tigrinus	1	1	-	0	0	N/A (N/A,N/A)	N/A (N/A,N/A)	N/A (N/A,N/A)	N/A (N/A,N/A)	37.0	N/A
simadna_md.fq	499895	499895	499884	 1.0	Felidae	Leopardus_wiedii	1	1	-	0	0	N/A (N/A,N/A)	N/A (N/A,N/A)	N/A (N/A,N/A)	N/A (N/A,N/A)	37.0	N/A
simadna_md.fq	499895	499895	499884	 1.0	Felidae	Lynx_canadensis	1	1	-	0	0	N/A (N/A,N/A)	N/A (N/A,N/A)	N/A (N/A,N/A)	N/A (N/A,N/A)	37.0	N/A
simadna_md.fq	499895	499895	499884	 1.0	Felidae	Lynx_lynx	1	1	-	0	0	N/A (N/A,N/A)	N/A (N/A,N/A)	N/A (N/A,N/A)	N/A (N/A,N/A)	37.0	N/A
simadna_md.fq	499895	499895	499884	 1.0	Felidae	Lynx_pardinus	1	1	-	0	0	N/A (N/A,N/A)	N/A (N/A,N/A)	N/A (N/A,N/A)	N/A (N/A,N/A)	37.0	N/A
simadna_md.fq	499895	499895	499884	 1.0	Felidae	Lynx_rufus	1	1	-	0	0	N/A (N/A,N/A)	N/A (N/A,N/A)	N/A (N/A,N/A)	N/A (N/A,N/A)	37.0	N/A
simadna_md.fq	499895	499895	499884	 1.0	Felidae	Neofelis_diardi	4	4	-	1	1	0.0 (0.0,97.5)	50.0 (1.3,98.7)	N/A (N/A,N/A)	N/A (N/A,N/A)	39.5	40.0
simadna_md.fq	499895	499895	499884	 1.0	Felidae	Neofelis_nebulosa	3	3	-	1	1	0.0 (0.0,97.5)	50.0 (1.3,98.7)	N/A (N/A,N/A)	N/A (N/A,N/A)	39.0	40.0
simadna_md.fq	499895	499895	499884	 1.0	Felidae	Panthera_pardus	1	1	-	0	0	N/A (N/A,N/A)	N/A (N/A,N/A)	N/A (N/A,N/A)	N/A (N/A,N/A)	41.0	N/A
simadna_md.fq	499895	499895	499884	 1.0	Felidae	Panthera_uncia	2	2	-	0	0	0.0 (0.0,97.5)	N/A (N/A,N/A)	N/A (N/A,N/A)	N/A (N/A,N/A)	38.5	N/A
simadna_md.fq	499895	499895	499884	 1.0	Felidae	Prionailurus_bengalensis_euptilurus	1	1	-	1	1	N/A (N/A,N/A)	100.0 (2.5,100.0)	N/A (N/A,N/A)	N/A (N/A,N/A)	40.0	40.0
simadna_md.fq	499895	499895	499884	 1.0	Felidae	Prionailurus_planiceps	1	1	-	0	0	N/A (N/A,N/A)	N/A (N/A,N/A)	N/A (N/A,N/A)	N/A (N/A,N/A)	37.0	N/A
simadna_md.fq	499895	499895	499884	 1.0	Felidae	Prionailurus_rubiginosus	2	2	-	1	1	N/A (N/A,N/A)	100.0 (2.5,100.0)	N/A (N/A,N/A)	N/A (N/A,N/A)	38.5	40.0
simadna_md.fq	499895	499895	499884	 1.0	Felidae	Prionailurus_viverrinus	3	3	-	0	0	N/A (N/A,N/A)	0.0 (0.0,97.5)	N/A (N/A,N/A)	N/A (N/A,N/A)	39.0	N/A
simadna_md.fq	499895	499895	499884	 1.0	Felidae	Profelis_aurata	1	1	-	0	0	N/A (N/A,N/A)	N/A (N/A,N/A)	N/A (N/A,N/A)	N/A (N/A,N/A)	37.0	N/A
simadna_md.fq	499895	499895	499884	 1.0	Felidae	Puma_yagouaroundi	1	1	-	0	0	N/A (N/A,N/A)	N/A (N/A,N/A)	N/A (N/A,N/A)	N/A (N/A,N/A)	37.0	N/A
simadna_md.fq	499895	499895	499884	 1.0	Hominidae	Gorilla_beringei	9	9	-	0	0	0.0 (0.0,52.2)	0.0 (0.0,60.2)	N/A (N/A,N/A)	N/A (N/A,N/A)	44.3	N/A
simadna_md.fq	499895	499895	499884	 1.0	Hominidae	Gorilla_gorilla	11	11	-	0	0	0.0 (0.0,52.2)	0.0 (0.0,70.8)	N/A (N/A,N/A)	N/A (N/A,N/A)	43.5	N/A
simadna_md.fq	499895	499895	499884	 1.0	Hominidae	Gorilla_gorilla_gorilla	11	11	-	0	0	0.0 (0.0,52.2)	0.0 (0.0,70.8)	N/A (N/A,N/A)	N/A (N/A,N/A)	43.5	N/A
simadna_md.fq	499895	499895	499884	 1.0	Hominidae	Homo_heidelbergensis	37	37	-	1	3	0.0 (0.0,33.6)	8.3 (0.2,38.5)	N/A (N/A,N/A)	N/A (N/A,N/A)	51.9	72.0
simadna_md.fq	499895	499895	499884	 1.0	Hominidae	Homo_sapiens	41	41	-	2	4	0.0 (0.0,30.8)	13.3 (1.7,40.5)	N/A (N/A,N/A)	N/A (N/A,N/A)	52.4	51.8
simadna_md.fq	499895	499895	499884	 1.0	Hominidae	Homo_sapiens_neanderthalensis	43	43	-	2	4	8.3 (0.2,38.5)	6.7 (0.2,31.9)	N/A (N/A,N/A)	N/A (N/A,N/A)	52.3	55.2
simadna_md.fq	499895	499895	499884	 1.0	Hominidae	Homo_sapiens_subsp._'Denisova'	37	37	-	1	4	0.0 (0.0,36.9)	9.1 (0.2,41.3)	N/A (N/A,N/A)	N/A (N/A,N/A)	50.8	67.5
simadna_md.fq	499895	499895	499884	 1.0	Hominidae	Pan_paniscus	13	13	-	0	0	0.0 (0.0,60.2)	0.0 (0.0,60.2)	N/A (N/A,N/A)	N/A (N/A,N/A)	43.5	N/A
simadna_md.fq	499895	499895	499884	 1.0	Hominidae	Pan_troglodytes	16	16	-	0	1	0.0 (0.0,45.9)	0.0 (0.0,52.2)	N/A (N/A,N/A)	N/A (N/A,N/A)	43.6	64.0
simadna_md.fq	499895	499895	499884	 1.0	Hominidae	Pongo_abelii	5	5	-	0	0	0.0 (0.0,70.8)	0.0 (0.0,97.5)	N/A (N/A,N/A)	N/A (N/A,N/A)	42.6	N/A
simadna_md.fq	499895	499895	499884	 1.0	Hominidae	Pongo_pygmaeus	2	2	-	0	0	0.0 (0.0,97.5)	N/A (N/A,N/A)	N/A (N/A,N/A)	N/A (N/A,N/A)	40.5	N/A
simadna_md.fq	499895	499895	499884	 1.0	Hyaenidae	Crocuta_crocuta	1753	1714	++	110	166	16.5 (12.9,20.7)	13.8 (10.4,17.8)	0.0 (0.0,28.5)	0.0 (0.0,24.7)	52.4	51.7
simadna_md.fq	499895	499895	499884	 1.0	Hyaenidae	Hyaena_hyaena	329	325	-	15	36	10.6 (4.4,20.6)	12.9 (5.7,23.9)	0.0 (0.0,70.8)	0.0 (0.0,84.2)	48.3	45.8
simadna_md.fq	499895	499895	499884	 1.0	Hyaenidae	Parahyaena_brunnea	311	307	-	18	33	14.8 (7.0,26.2)	14.3 (6.7,25.4)	0.0 (0.0,84.2)	0.0 (0.0,84.2)	48.3	48.5
simadna_md.fq	499895	499895	499884	 1.0	Hyaenidae	Proteles_cristata	243	242	-	10	18	11.8 (4.4,23.9)	9.5 (2.7,22.6)	0.0 (0.0,97.5)	0.0 (0.0,97.5)	46.9	48.3
simadna_md.fq	499895	499895	499884	 1.0	Rhinocerotidae	Dicerorhinus_sumatrensis	1	1	-	0	0	0.0 (0.0,97.5)	N/A (N/A,N/A)	N/A (N/A,N/A)	N/A (N/A,N/A)	38.0	N/A
simadna_md.fq	499895	499895	499884	 1.0	Suidae	Phacochoerus_africanus	144	143	-	5	14	11.1 (3.1,26.1)	5.3 (0.1,26.0)	0.0 (0.0,97.5)	0.0 (0.0,84.2)	47.9	47.6
simadna_md.fq	499895	499895	499884	 1.0	Suidae	Porcula_salvania	220	217	-	6	12	9.3 (2.6,22.1)	7.4 (0.9,24.3)	0.0 (0.0,97.5)	0.0 (0.0,97.5)	49.0	43.2
simadna_md.fq	499895	499895	499884	 1.0	Suidae	Potamochoerus_porcus	125	123	-	4	12	9.1 (1.1,29.2)	10.5 (1.3,33.1)	0.0 (0.0,97.5)	0.0 (0.0,97.5)	48.6	46.0
simadna_md.fq	499895	499895	499884	 1.0	Suidae	Sus_barbatus	549	542	-	28	47	15.3 (8.8,24.0)	16.7 (9.2,26.8)	0.0 (0.0,60.2)	0.0 (0.0,45.9)	51.6	51.5
simadna_md.fq	499895	499895	499884	 1.0	Suidae	Sus_cebifrons	515	510	-	24	41	14.7 (8.3,23.5)	13.5 (6.7,23.5)	0.0 (0.0,70.8)	0.0 (0.0,60.2)	51.7	51.6
simadna_md.fq	499895	499895	499884	 1.0	Suidae	Sus_celebensis	544	537	+	30	53	16.0 (9.4,24.7)	17.5 (9.9,27.6)	0.0 (0.0,60.2)	0.0 (0.0,70.8)	51.4	50.6
simadna_md.fq	499895	499895	499884	 1.0	Suidae	Sus_scrofa	600	592	+	32	51	14.8 (8.7,22.9)	17.4 (10.3,26.7)	0.0 (0.0,52.2)	0.0 (0.0,70.8)	52.0	53.3
simadna_md.fq	499895	499895	499884	 1.0	Suidae	Sus_scrofa_cristatus	561	554	-	28	46	15.6 (9.0,24.5)	16.2 (8.9,26.2)	0.0 (0.0,60.2)	0.0 (0.0,70.8)	51.7	51.2
simadna_md.fq	499895	499895	499884	 1.0	Suidae	Sus_scrofa_domesticus	604	596	-	31	50	14.7 (8.6,22.7)	16.5 (9.5,25.7)	0.0 (0.0,60.2)	0.0 (0.0,70.8)	51.9	53.4
simadna_md.fq	499895	499895	499884	 1.0	Suidae	Sus_scrofa_taivanus	612	604	+	32	48	17.0 (10.5,25.2)	14.3 (7.8,23.2)	0.0 (0.0,60.2)	0.0 (0.0,70.8)	51.9	53.1
simadna_md.fq	499895	499895	499884	 1.0	Suidae	Sus_verrucosus	543	536	++	29	47	17.0 (10.1,26.2)	17.3 (9.6,27.8)	0.0 (0.0,60.2)	0.0 (0.0,45.9)	51.4	51.2
